4233834	2026-08-24T17:38:54+00:00	blocks/005aead7e6569815644e18d7e41221cf
4283646	2026-08-24T17:38:05+00:00	blocks/00950dc622cc0b6cee44f2cddc40b61a
4283694	2026-08-24T17:38:51+00:00	blocks/00b8d93b445857eb26d277d7af519173
4299595	2026-08-24T17:38:40+00:00	blocks/00bc3cb74abbfba7f3fa64cf372845d8
4352589	2026-08-24T17:38:52+00:00	blocks/00e687bf6d8d0a3b8cfc77833f301b38
4227764	2026-08-24T17:39:22+00:00	blocks/01600d0850a010e864e23f6ed4c71d81
4273675	2026-08-24T17:38:31+00:00	blocks/01c9330f9defdb7828641ef33f777dd7
4383038	2026-08-24T17:39:10+00:00	blocks/01ee84848d730fe44655f2982a525ce1
4253636	2026-08-24T17:38:45+00:00	blocks/024a294e59a64fa947256db74334c0a0
4194482	2026-08-24T17:39:08+00:00	blocks/024c15d2f70070a31f6928d8a6585f5d
4279223	2026-08-24T17:38:50+00:00	blocks/025fc735d5b55f28f6c90997c8bc175d
4248955	2026-08-24T17:39:08+00:00	blocks/0260405c8c0f8292bc6daf4b6dd97a4d
4437515	2026-08-24T17:38:53+00:00	blocks/02684d16208644e88a3a93fa466ed420
4253770	2026-08-24T17:38:48+00:00	blocks/029e0f675f01a55c89b9d0d74d02b194
4391983	2026-08-24T17:38:51+00:00	blocks/02d073d23a23ce12d98d253a4258c597
2034079	2026-08-24T17:39:11+00:00	blocks/038fef3b4d971836012f4d4e8088abb3
4249409	2026-08-24T17:37:54+00:00	blocks/03c191ef3ac8479a67bdcd7e6f9f1bbb
4325516	2026-08-24T17:39:07+00:00	blocks/045226aa2cbb2ce8386fccbe5f262c5e
4583534	2026-08-24T17:38:05+00:00	blocks/04549bdb6635adc0d3b9d98b0e1a1795
4265076	2026-08-24T17:38:47+00:00	blocks/048c24a9eac8a6f6e8dfead2ac422185
4238588	2026-08-24T17:38:51+00:00	blocks/0494f5b68aa1da77b11a4491b35ee6f5
4294188	2026-08-24T17:38:17+00:00	blocks/04d50aeb314512d3320134d97080c3c7
4379395	2026-08-24T17:38:52+00:00	blocks/050084ee9ede71266356c9a3a6dbe23e
5211267	2026-08-24T17:38:21+00:00	blocks/0503ae31d9e20a9b02ec8f357aceabf3
4331939	2026-08-24T17:37:54+00:00	blocks/05270c30475cb81032adcf6c1ac2ef72
4268441	2026-08-24T17:38:17+00:00	blocks/05f5bcfe4139554994137ae842d85422
4278067	2026-08-24T17:38:55+00:00	blocks/061a0cf2df879e59d185c6038eb3479a
4279832	2026-08-24T17:38:01+00:00	blocks/065b6c9f53c97c69642714f9dedc564e
4994649	2026-08-24T17:38:53+00:00	blocks/0696fffb6696830d52e9346bbc448f0b
4310097	2026-08-24T17:37:57+00:00	blocks/06ec5bc213b645319477c117bb1f7212
3186495	2026-08-24T17:40:28+00:00	blocks/06f27c7e5b2accd66e2cac05c57e5b3d
4299878	2026-08-24T17:38:01+00:00	blocks/072aceee5df5e9bbd91c906f3d6ca06f
4260687	2026-08-24T17:38:54+00:00	blocks/074de11cd28db1a78c3a74bc36b38000
4270978	2026-08-24T17:37:51+00:00	blocks/07669bf4a5352bd75c2905aa44bfeed8
4194482	2026-08-24T17:39:08+00:00	blocks/078ed7a34f3f5b995ebb95d2fbcc1f2b
4393632	2026-08-24T17:38:15+00:00	blocks/080daff865179b233cc6a3d914bf2aa0
4221315	2026-08-24T17:38:49+00:00	blocks/086544a942304f8e98eba2eba8505768
4350085	2026-08-24T17:38:30+00:00	blocks/08c0cbd493b779500973f1d031a45e97
4224375	2026-08-24T17:38:18+00:00	blocks/08cefaf0bc50557acad7dfc83f7dddee
4349673	2026-08-24T17:38:17+00:00	blocks/08f1245ff87a7784ce04dc12a1e29250
4246395	2026-08-24T17:38:20+00:00	blocks/0909fb54ab43a7ef68eb40efeb00c763
4441057	2026-08-24T17:38:42+00:00	blocks/09c1be7d246aaf3d569a663d5d07d3ea
4338938	2026-08-24T17:38:27+00:00	blocks/09c2ad1cde8b2a370a39385a73413fe6
4282951	2026-08-24T17:37:54+00:00	blocks/09d5ca832926927d9d0392373ca6c108
4399746	2026-08-24T17:38:57+00:00	blocks/09fc2b864a3a4feca60bd98bce8fdd68
4250031	2026-08-24T17:39:07+00:00	blocks/0a08f1b4aad1ed344c8bc013f04ee8d8
4331939	2026-08-24T17:38:07+00:00	blocks/0a7ae362757e39ab3160e58efe1f2c0c
4305750	2026-08-24T17:38:50+00:00	blocks/0ab62586aa42060e3b916939c52a0f76
4345472	2026-08-24T17:38:01+00:00	blocks/0aba5ecce107dd73f97c0675c504ecc9
4226814	2026-08-24T17:40:27+00:00	blocks/0aebb1c980a4681f415543cd9158af74
4256320	2026-08-24T17:38:40+00:00	blocks/0b1801e666b03daf05592c664a570bfa
4231018	2026-08-24T17:37:59+00:00	blocks/0b2e9817aaae4876ad503c896d0bd47c
4194482	2026-08-24T17:39:06+00:00	blocks/0b5d2cf6713f80b34d17b60c8d80bf7a
4310779	2026-08-24T17:38:22+00:00	blocks/0be2dbbdbaa6208de82da9030eb157c0
4417434	2026-08-24T17:38:26+00:00	blocks/0c0dfa9942809f62c99f6c337ddab8c1
4194482	2026-08-24T17:38:54+00:00	blocks/0d22ffef17ad338a9f770e304f1424b4
44868	2026-08-24T17:38:46+00:00	blocks/0d8fa1ac997c576073c179286fbd66f5
4424496	2026-08-24T17:37:59+00:00	blocks/0def4fbea03d0fcd27b0ebcd914d666c
4345612	2026-08-24T17:38:02+00:00	blocks/0e1efd519a4b64b7b97dcd08a86ad2a7
4318093	2026-08-24T17:38:50+00:00	blocks/0e46ebc3e63b395c7971dca8f0b2fb98
4248230	2026-08-24T17:37:50+00:00	blocks/0eb5c0d16b14bbb9dd3df629d6043b2c
4354407	2026-08-24T17:38:18+00:00	blocks/0ee017cdde21bacc10791a1a3a4f3984
4383851	2026-08-24T17:38:26+00:00	blocks/0f14bb0a032ffe5af70698df782f0b89
4346249	2026-08-24T17:38:47+00:00	blocks/0f31200bc1c9f5a341616f4104be066a
4301641	2026-08-24T17:38:02+00:00	blocks/0f40f33802c5fb5a6cc833c6192a2b2c
4257033	2026-08-24T17:38:16+00:00	blocks/0f42677e5291cb07860e516ef9aa0078
4245751	2026-08-24T17:38:51+00:00	blocks/0f69d5994083f6f8169a68abfc12ef94
4294670	2026-08-24T17:38:18+00:00	blocks/0f82147898b70579aa883f4fec473e9e
5203741	2026-08-24T17:38:54+00:00	blocks/0fc8c99842664155eaf6d933522d2eca
4340415	2026-08-24T17:38:15+00:00	blocks/0ff386126eab621df73e07c93b7f6129
4249756	2026-08-24T17:38:20+00:00	blocks/100853ac4679e89e016308d3a8cec0c4
4465001	2026-08-24T17:39:12+00:00	blocks/1080a9ce00b854e9342197d78ba64f75
4269687	2026-08-24T17:38:46+00:00	blocks/109a57306910c2c58a6f067a665d021b
4248996	2026-08-24T17:37:48+00:00	blocks/1177d798b365d0a60d870cce42d0d02f
4226778	2026-08-24T17:40:29+00:00	blocks/118b81df13cd7cdd26e2e86f4e618f99
5234348	2026-08-24T17:39:05+00:00	blocks/11b3e715d5baeb83c39cdd60be956a8b
4286424	2026-08-24T17:38:35+00:00	blocks/11bfd3c75abd0b62e10416ab48cbbad3
4304609	2026-08-24T17:38:02+00:00	blocks/11efde2cbae74563d929f8dc0ef8c1c4
4319209	2026-08-24T17:38:43+00:00	blocks/123d071ffe4d99c4b09539003be3f20f
4194482	2026-08-24T17:38:13+00:00	blocks/12623b9765b8e451a7d192e96804baba
4403550	2026-08-24T17:37:40+00:00	blocks/1287944fc18c11688d019872442c42ff
5033611	2026-08-24T17:39:02+00:00	blocks/12cf5814bac960d4ee7beb76a0caff2e
4355997	2026-08-24T17:37:47+00:00	blocks/12dc4d1cd8a5785981a4b6df2ad84065
4247166	2026-08-24T17:38:44+00:00	blocks/130f722f6764cbdb39c8d11ced3aee47
4267312	2026-08-24T17:38:47+00:00	blocks/13569562018a0d9de3bb167c5efb7f3c
4395663	2026-08-24T17:38:37+00:00	blocks/138a733aaab23185c01f9acc60dfd9b0
4312426	2026-08-24T17:39:05+00:00	blocks/14256bb697d18b1a57972aabfa9ca70e
4296594	2026-08-24T17:38:50+00:00	blocks/145f503a996e28757715063d256d4ac3
4307362	2026-08-24T17:37:54+00:00	blocks/14919686a0ee35e70b916b6c4e19ce44
4350675	2026-08-24T17:38:10+00:00	blocks/14dd29b8c61d722dc5b4d16b9c053fdf
4324770	2026-08-24T17:38:12+00:00	blocks/1564883ca7f5ed5c344aa0e2427a196d
4240076	2026-08-24T17:38:43+00:00	blocks/15c137d220d4eacb260ac05ba227371f
5146923	2026-08-24T17:38:57+00:00	blocks/16790a79060723e4eeb8fef1056bb121
5212413	2026-08-24T17:38:18+00:00	blocks/16c77b79c2af29fe264dfb60854cc484
4305845	2026-08-24T17:38:31+00:00	blocks/16caf794ec2ddac02f7ab3b72a44283a
4330577	2026-08-24T17:37:50+00:00	blocks/16ee166e3c4631b9b7192070571cc0be
4194482	2026-08-24T17:39:05+00:00	blocks/1716bd2706ab32b71ab8eb06788af056
4307569	2026-08-24T17:38:04+00:00	blocks/17b8aaac91425714b3337a1787156f66
4303834	2026-08-24T17:38:50+00:00	blocks/182a6644e84c1ba4b025131e08f9ca0b
4456823	2026-08-24T17:38:06+00:00	blocks/1982a885b06d8cc28729018b87657605
4287762	2026-08-24T17:38:54+00:00	blocks/1a319058f9e5f68907588ca1f4d2475a
4326895	2026-08-24T17:38:53+00:00	blocks/1a3cd24fc20f337837d87ec5ac4d3f3a
4331598	2026-08-24T17:38:50+00:00	blocks/1a5b3c73ef8f3ab64676b3e436e5421e
4339790	2026-08-24T17:37:45+00:00	blocks/1a61ada5e1a9b3fb448b349263e07554
4272552	2026-08-24T17:38:48+00:00	blocks/1ac4037cdeae4dadbbce175cc568bbe6
4255619	2026-08-24T17:38:40+00:00	blocks/1ae5e4a39429e5cbdfc62e9a2a5be1c9
4283270	2026-08-24T17:37:43+00:00	blocks/1afd52868cea025017560b9e7c0cf1f2
4246168	2026-08-24T17:37:53+00:00	blocks/1b120a74ecdc601987731f5faa751a8d
4301486	2026-08-24T17:38:20+00:00	blocks/1b18bf26eadf1db5d8af1a5add145ae0
4317763	2026-08-24T17:38:49+00:00	blocks/1b43c43fd0d81dcf4aeb09d90efd1663
4355281	2026-08-24T17:38:27+00:00	blocks/1b6e4f9d2092af21138c3db288814a18
4333502	2026-08-24T17:38:26+00:00	blocks/1b8bfce1f5b897b31dbc76aee42b6d58
4327234	2026-08-24T17:37:59+00:00	blocks/1c45c3bc5232e5edbe1ea937902f4555
4286532	2026-08-24T17:38:03+00:00	blocks/1d07946db6e35ea2f452dcf0df911884
4316744	2026-08-24T17:39:07+00:00	blocks/1d0ea1068bed4e39bb160ee248c2873a
5280764	2026-08-24T17:38:22+00:00	blocks/1dcc12a88a20a9d6b82dc76212227c71
4314585	2026-08-24T17:38:51+00:00	blocks/1e980632d95b1740642e4e340f8810f8
4228044	2026-08-24T17:38:04+00:00	blocks/1ec2385f616614392b3f88aab494a0db
4294631	2026-08-24T17:38:54+00:00	blocks/1eda66948443a897a983b98a7c665c29
4460114	2026-08-24T17:38:28+00:00	blocks/1ef5fc3112e711c60534996e31f4a605
4247136	2026-08-24T17:38:43+00:00	blocks/1f440bbffac8ace128cbc015bd1cf6b6
4312146	2026-08-24T17:38:18+00:00	blocks/1f4e9e646683f3b0a59b9ed2b1e7fe53
4344225	2026-08-24T17:38:52+00:00	blocks/1fac25c35bc70a300d146b8a1ba418d2
4333363	2026-08-24T17:37:41+00:00	blocks/1fb25e8dbd08e4d902a7462beb5702de
4379064	2026-08-24T17:38:44+00:00	blocks/1fd8a54d28b96ef491c5c1a3d899f75f
4315370	2026-08-24T17:37:44+00:00	blocks/207d987bb1808f20179beadb6a2c4d69
4217577	2026-08-24T17:37:44+00:00	blocks/2081a00b60d8fc58184a4f6f05cae08e
4435709	2026-08-24T17:38:13+00:00	blocks/21b67b6cc79147e1cfa779fe56c9d6d8
4351211	2026-08-24T17:38:43+00:00	blocks/21c3775078e3ea5f07a913e690b4f268
4303628	2026-08-24T17:38:12+00:00	blocks/22162d8d3f8238094a8af5fbd05f7bd2
4314909	2026-08-24T17:37:54+00:00	blocks/221a0e6bc87caf0deb6e20b4c025234f
4433207	2026-08-24T17:38:43+00:00	blocks/2238b2dfb2dd03ab5adc2d0437a518a3
4402429	2026-08-24T17:38:40+00:00	blocks/223ac80eb3ba8e0bc99d343877c44ded
4265690	2026-08-24T17:38:42+00:00	blocks/2247ccb5dda90c3483690d5c996419c2
4270829	2026-08-24T17:38:48+00:00	blocks/22484e1acff8445178677cb9cf5218e5
4544149	2026-08-24T17:37:45+00:00	blocks/225c16aef3a2df07968b4711a3de9644
4221562	2026-08-24T17:38:55+00:00	blocks/226915cf210abe45ef8c7e5899ff58ec
4368820	2026-08-24T17:38:50+00:00	blocks/2274521653500686e1334ab4b0eab16e
4391555	2026-08-24T17:37:51+00:00	blocks/228f961580c6ba76df340440d02d5b9c
4320189	2026-08-24T17:38:04+00:00	blocks/229120e392b5be1126dde14de93fe31e
4307310	2026-08-24T17:38:22+00:00	blocks/233b877c013c28fefc2c52d224545515
4281687	2026-08-24T17:38:50+00:00	blocks/237c63dc006a6c0e9e5558de9c2d57bc
4301867	2026-08-24T17:38:55+00:00	blocks/23c4e547f18447d7e789f26811748e3e
4271938	2026-08-24T17:37:59+00:00	blocks/23d361c93842bea6f556059ab3b20fc7
4329749	2026-08-24T17:38:30+00:00	blocks/2445b904ec93c5addabaf25e5204c495
4291424	2026-08-24T17:38:43+00:00	blocks/24715edba5c62a446abc65566047d14d
4427791	2026-08-24T17:38:53+00:00	blocks/2475b360ea9a9ab8526654c378778868
4375833	2026-08-24T17:38:26+00:00	blocks/24fbe4de2f2da23e255d9f58a1fc1fbf
4327172	2026-08-24T17:38:51+00:00	blocks/259ff802fc66edf9829762eae49c0a44
4364505	2026-08-24T17:38:45+00:00	blocks/265375c8b4dee4d946bc4e3936a4f00e
4419424	2026-08-24T17:37:53+00:00	blocks/26e9620487fea3b2989595c182b1a843
4275206	2026-08-24T17:38:48+00:00	blocks/26ef3846671bcb1aeb25b65bb908e60f
4300851	2026-08-24T17:38:46+00:00	blocks/2720729f59a857d31ee524f7518266a5
4386405	2026-08-24T17:38:44+00:00	blocks/274a4865fff713c7aadb194ea9b228a6
4785431	2026-08-24T17:38:22+00:00	blocks/275a113c881c41e681e5585f5a007384
4765102	2026-08-24T17:38:57+00:00	blocks/276ce93ca01035fdb4d0a39d30bc06a2
4753459	2026-08-24T17:39:06+00:00	blocks/277ca9f240145068674c86b610ed9a6a
4209766	2026-08-24T17:39:08+00:00	blocks/28b5014f00cabf835f67921cf5d6351f
4399551	2026-08-24T17:39:05+00:00	blocks/28f3b20b460ba94e7c5a7aa9c5431858
4367843	2026-08-24T17:37:41+00:00	blocks/2918181d1a4f14b27816f53274a91d85
4376609	2026-08-24T17:37:53+00:00	blocks/291d831de270a5800ee4d024ef0004ec
4350433	2026-08-24T17:39:10+00:00	blocks/293b0d8f15f1cea7f62a96960befe223
4376187	2026-08-24T17:38:06+00:00	blocks/298aa2bc2b3b26ef95c161e499b86f0e
4291687	2026-08-24T17:38:44+00:00	blocks/29a199faceb46a551bc9f5f4a24412ec
4321233	2026-08-24T17:37:59+00:00	blocks/29dcd397631eb71309b8ee12f768843b
4332115	2026-08-24T17:37:51+00:00	blocks/2a16aa64b91dca08667cb7a4a8404cf9
4232098	2026-08-24T17:39:22+00:00	blocks/2a2da5434093131a042019d1716197e1
4287161	2026-08-24T17:37:54+00:00	blocks/2a97310a376ed228e1edeb64dc6cd103
4371667	2026-08-24T17:38:36+00:00	blocks/2acdb1875b7e27cb1a1bb2091eca4a57
4294265	2026-08-24T17:37:42+00:00	blocks/2ad80275b484fc73d4609d72debcc8b7
4300388	2026-08-24T17:38:22+00:00	blocks/2ae4b220085f33139358612a93c9ab7d
4342868	2026-08-24T17:38:50+00:00	blocks/2ae92a3c721d55f9016e0aea53b94e8e
4268608	2026-08-24T17:38:03+00:00	blocks/2b078e1f49786a3e56005f6b91b50969
4338201	2026-08-24T17:38:46+00:00	blocks/2b38208f2311462f8cdba79eaaf33dd5
4226407	2026-08-24T17:40:26+00:00	blocks/2bbe8958fc1a129622b7955821a0975a
4355970	2026-08-24T17:39:05+00:00	blocks/2be38054a8a7408b28491508c7676290
5064656	2026-08-24T17:38:14+00:00	blocks/2c23b181929f9767c848d1d2c1717ee2
4357682	2026-08-24T17:37:54+00:00	blocks/2c2a529d1004f1c68a66794c7aaa88cd
4292899	2026-08-24T17:38:42+00:00	blocks/2c9776b4fce1004eef816698c082b729
4418300	2026-08-24T17:38:55+00:00	blocks/2cca8fe0ed5a8188d82798735c0f9ff0
4328785	2026-08-24T17:38:15+00:00	blocks/2dc0b9e996858b14a843f2ca1dba21fe
4280448	2026-08-24T17:38:00+00:00	blocks/2de9d444cf3d702fb45a3e6dbdc6979e
4284343	2026-08-24T17:38:02+00:00	blocks/2e0cfbcb0a88a0a06c0d6479ed2601ab
4312492	2026-08-24T17:38:06+00:00	blocks/2e1bc34b1487f3bc154003e3c6b6b0e1
4353253	2026-08-24T17:38:31+00:00	blocks/2efef712eab96f1aa56ca3d18679d539
4294878	2026-08-24T17:38:44+00:00	blocks/2f9026d67ee4a959567bea8d4252e1d5
4364326	2026-08-24T17:37:53+00:00	blocks/2fa6291a17aa22e61a0934ed47e5a616
4374241	2026-08-24T17:38:22+00:00	blocks/2fef6b6dbc08e9f224c52c79964951dd
4274017	2026-08-24T17:38:46+00:00	blocks/3076ef929977937d95cbe3b2273b5501
4423566	2026-08-24T17:38:45+00:00	blocks/307c5f820132bebdacf73246ae19a31d
4495086	2026-08-24T17:38:51+00:00	blocks/30dc2ac94c5c15a52f5335b76ed11603
4279639	2026-08-24T17:37:53+00:00	blocks/311acb6071f41ce8f7ab98cbdbf0a878
4317756	2026-08-24T17:37:59+00:00	blocks/31ae56cb01d01ac5f6244063d727707c
4260769	2026-08-24T17:38:10+00:00	blocks/31f2f1d02f56989b1fe34f0bfd77dfac
4335488	2026-08-24T17:38:12+00:00	blocks/320b48a0b2afcb62d6b14a30163e318c
4306207	2026-08-24T17:38:49+00:00	blocks/32251942b013d5604226ef6e837b0d36
4319851	2026-08-24T17:38:51+00:00	blocks/32cf12fae5920573e7e2aec74f1e4396
5243093	2026-08-24T17:39:08+00:00	blocks/3334ba501cdcb186f4598b9bf814218e
4269649	2026-08-24T17:38:09+00:00	blocks/3363d8280ec4a1c130c4fc15f0bfa617
4303824	2026-08-24T17:38:48+00:00	blocks/34011326a2cd84c2b0132fa3ef5e993d
4468704	2026-08-24T17:38:55+00:00	blocks/340a4f7b2d064789a5a9480bf288e255
4263722	2026-08-24T17:38:50+00:00	blocks/344b38435bd89cd2493a863c69285188
4203227	2026-08-24T17:39:05+00:00	blocks/34a35d4cd28e0465fc3f7ac3323b3473
4310353	2026-08-24T17:38:46+00:00	blocks/34bd74b9b0793884b0b385686b88923e
4194482	2026-08-24T17:39:02+00:00	blocks/353ea20f99344dc2629590003baa8ec4
4316311	2026-08-24T17:38:52+00:00	blocks/35a0654d26c6d21fb0ecbcc1dbc1dc62
4361823	2026-08-24T17:38:28+00:00	blocks/35ac278e96467e15265b71d1f53097c8
4301356	2026-08-24T17:37:40+00:00	blocks/35b593cb849778e597757de517c445e6
4230739	2026-08-24T17:39:44+00:00	blocks/35d4640db9cfe3c3b704d88f3c69af74
4303491	2026-08-24T17:38:49+00:00	blocks/35e1853a33c5f42ada8c59194f92dd70
4194482	2026-08-24T17:39:05+00:00	blocks/35fb967df143667a496518080ac6d405
5243093	2026-08-24T17:39:09+00:00	blocks/360859f65985f5cfd6653a3881f2fc43
4311065	2026-08-24T17:38:45+00:00	blocks/361ce44fcb79dad90a9fd163bc59dee9
4264924	2026-08-24T17:37:45+00:00	blocks/3644f7752db0a9c9288585c674df28a5
4309799	2026-08-24T17:38:10+00:00	blocks/3667095ef7912882b681d702a6733faa
4226846	2026-08-24T17:39:34+00:00	blocks/36a15abcde45667b2e6990ccd7efbf96
4296019	2026-08-24T17:38:32+00:00	blocks/36ae0ae31188a754c136182d390abf8a
4254315	2026-08-24T17:37:44+00:00	blocks/371841c08fff7a5fe83bd1e5c7a53f31
4264095	2026-08-24T17:39:10+00:00	blocks/37586da38a017a43ea6c34d5f7fe8ba8
4347292	2026-08-24T17:37:58+00:00	blocks/3760d7167432adf54a284fcdc40270a6
4434204	2026-08-24T17:37:40+00:00	blocks/379ce5b8581d9974b94a51cfa32feefd
4295134	2026-08-24T17:38:15+00:00	blocks/37c77284ec609da458ce7cca2bbe74de
4448287	2026-08-24T17:38:54+00:00	blocks/3851bf559f0abd8cf27631d06c22b2b4
4316099	2026-08-24T17:37:58+00:00	blocks/38e701bdb00a46875a15a715ab5eec9a
4363571	2026-08-24T17:38:44+00:00	blocks/3938ca213d44f9f1a3bc1b88549100a1
4428188	2026-08-24T17:37:44+00:00	blocks/3942bd209fdff04ddd8fff12b9af71a1
4349912	2026-08-24T17:39:12+00:00	blocks/39816e4bbbc61f01c9acdeb4bfbe1e8a
4388248	2026-08-24T17:38:29+00:00	blocks/399044dbc828041f13626f35862c0fbc
4230397	2026-08-24T17:38:04+00:00	blocks/39e273ceaa5964509c28f7473113b872
4227764	2026-08-24T17:39:22+00:00	blocks/3b995df908f1c9e14792629bdf7cbfee
4280932	2026-08-24T17:37:47+00:00	blocks/3bdb5b49402ab13f77957eea801d985b
4280658	2026-08-24T17:38:35+00:00	blocks/3c56ec055fe1accb56bb0ebd6635aa7d
4340566	2026-08-24T17:37:39+00:00	blocks/3c6c6910f5e0426ced296c8fa6f78673
4461442	2026-08-24T17:38:47+00:00	blocks/3d2a582b484c3181d1f3c0dfffaed5bb
4357104	2026-08-24T17:38:58+00:00	blocks/3d5e5450d615b131c2533efb9a9f05bb
4304882	2026-08-24T17:38:43+00:00	blocks/3da9e9b93bfe83c2f6c0d642bd03879c
4242477	2026-08-24T17:38:52+00:00	blocks/3dc0e47406fe883257472a586ec54e2f
4296591	2026-08-24T17:38:12+00:00	blocks/3f24ab7228ca8423485ed3d960167271
4333955	2026-08-24T17:38:15+00:00	blocks/3f40852100b4026dfb6c62800558e613
4342313	2026-08-24T17:38:01+00:00	blocks/4026393c900f5233eeed4436224905a3
5166922	2026-08-24T17:39:05+00:00	blocks/4087e89aab0fe076c45adde0aadf9517
4395265	2026-08-24T17:38:49+00:00	blocks/409362b0a6ed48fbddee2c3290c5eef1
4263787	2026-08-24T17:38:47+00:00	blocks/4095e4e0d3001f8a02cbf17ff427e392
4324154	2026-08-24T17:38:01+00:00	blocks/40f1b75ef62c626f91e9811f7f617a56
4245834	2026-08-24T17:38:45+00:00	blocks/40fc90d0e1c6c5d8c9c9d70b9601fad0
4370739	2026-08-24T17:38:46+00:00	blocks/4148f78d5433ce43523338b22ce318a8
4358675	2026-08-24T17:37:40+00:00	blocks/41b646a2be317a5f863f65b0383e3be9
4342874	2026-08-24T17:38:40+00:00	blocks/41c04b9c8dcebb0a54072354ee3f4eae
4264269	2026-08-24T17:37:42+00:00	blocks/41d0ead319d77516402547a563c6a70e
5143713	2026-08-24T17:39:09+00:00	blocks/41ef3573b21e734b5cef2ac337b1dc87
4267027	2026-08-24T17:38:46+00:00	blocks/42243e74982e816fe2fc7ce3d95453c6
4264530	2026-08-24T17:39:07+00:00	blocks/4245219fc181ed4060f2be5c31fced6d
5210636	2026-08-24T17:38:58+00:00	blocks/42adccdf3fc45bd5892d301b40c642c3
4319812	2026-08-24T17:38:11+00:00	blocks/42c8da235a715ee0ca2e4e67fde19c30
4406531	2026-08-24T17:38:47+00:00	blocks/4303c2a0e3cc3d3fd881c1689cd41a6f
4342612	2026-08-24T17:37:54+00:00	blocks/43b356982276753278ebba8cf5e85c4a
4265648	2026-08-24T17:37:58+00:00	blocks/44a959a2598c9e2fad81bacc2d0d9465
4362633	2026-08-24T17:38:33+00:00	blocks/44e7c99360e87457122f856708f23368
4227016	2026-08-24T17:39:35+00:00	blocks/4527a1c21c456f889dc8dd76999119a8
4236126	2026-08-24T17:39:12+00:00	blocks/45396d3dd7b628fc91577b5f92765b5a
4272721	2026-08-24T17:38:48+00:00	blocks/454222cc32c2418f1e3a27d58d2445ce
4297670	2026-08-24T17:37:54+00:00	blocks/4586136d9195bf490dac4a4fb7b272d3
4348524	2026-08-24T17:38:03+00:00	blocks/45bf4b27cf7ab0649e98c62e5e477593
4229050	2026-08-24T17:38:45+00:00	blocks/461911071103f63303381fbacb5805da
4329263	2026-08-24T17:37:42+00:00	blocks/464727525225c399f61ed28df2bca705
4262075	2026-08-24T17:37:39+00:00	blocks/46838c8ad4f51f956c94b7e3f59cb14d
4259888	2026-08-24T17:38:35+00:00	blocks/46a32667e5f13d09262251c119537b84
4261142	2026-08-24T17:38:46+00:00	blocks/46f2a5b5e9c608e7e6a99f53855eac55
4462685	2026-08-24T17:38:02+00:00	blocks/4716500d60b9074c66a8252c157201d0
5203741	2026-08-24T17:38:54+00:00	blocks/4778af3106d384ddac4c9851fdde3446
4351390	2026-08-24T17:38:21+00:00	blocks/477a9b4184bad2877fbaaa56e460ae7a
4254153	2026-08-24T17:38:14+00:00	blocks/47c9ba537d82526ae726c5cd41b39df2
4355775	2026-08-24T17:38:47+00:00	blocks/482b7210476cb13a8382c34b7ae52a38
4279395	2026-08-24T17:37:50+00:00	blocks/48337c0b10a046fe25e6851efe7e731b
4413169	2026-08-24T17:37:45+00:00	blocks/484b5712952c994d755b9920f28c5bbf
4364104	2026-08-24T17:38:12+00:00	blocks/48a8f25b65f2d85bbfe0450f15a52365
4252511	2026-08-24T17:38:38+00:00	blocks/48b50aa4c6c6a059b8f4319923a496a6
4436932	2026-08-24T17:38:44+00:00	blocks/48e3a3b0327a3ca4b5789c8fe1815064
4261628	2026-08-24T17:38:44+00:00	blocks/4910b5ffac080aa487f0bc28ae995541
4873293	2026-08-24T17:38:18+00:00	blocks/49d036a539f6a0563d80d21d1a50ec14
4442759	2026-08-24T17:39:06+00:00	blocks/49edc7816a37796d6980802efc3bacfb
4301759	2026-08-24T17:37:45+00:00	blocks/4a7187a2781c86c5d377aedf293c1aed
4326433	2026-08-24T17:38:36+00:00	blocks/4ad195800a3fc0a7de391d27d3b8e853
4266465	2026-08-24T17:37:42+00:00	blocks/4b2eaa25705284b69e07c6abef36c7d7
4345722	2026-08-24T17:38:03+00:00	blocks/4b35b2be5224b281164bcd0092d6e6f5
4394941	2026-08-24T17:37:57+00:00	blocks/4b4450bfb9ae462bd06af7dd92a27585
4336068	2026-08-24T17:38:44+00:00	blocks/4c1d6afc0e28bc1800b3f3d2f277cc61
4223291	2026-08-24T17:37:44+00:00	blocks/4c2bf473926064194057fef4cd36231d
4317747	2026-08-24T17:38:46+00:00	blocks/4c4464400f62bcff29e9f4781264e759
4405658	2026-08-24T17:38:43+00:00	blocks/4c4f964e7ec3ac38344d52fe2796d363
4378994	2026-08-24T17:38:01+00:00	blocks/4c7d0da894d880db1fe41c8b52539d36
4223138	2026-08-24T17:38:40+00:00	blocks/4cb7489728ff60113b77cf4a4fad16fe
4297203	2026-08-24T17:38:49+00:00	blocks/4cbefcb90a63b1e855a99281187fd5b3
4498046	2026-08-24T17:38:51+00:00	blocks/4cde5528ff7b2645e187e3604cc2b816
4241913	2026-08-24T17:37:54+00:00	blocks/4d4ceba225d29abd2bec66813832d342
4340566	2026-08-24T17:37:40+00:00	blocks/4d5940961108fb6d6b5d3545a681f360
4351866	2026-08-24T17:39:10+00:00	blocks/4df626ca32b1b4a1b2f865377c4b95bb
4270509	2026-08-24T17:38:35+00:00	blocks/4e2be5357b9e25bb524b1f693f3b6ba7
4302936	2026-08-24T17:38:44+00:00	blocks/4e4cdd95172cb281f1a8954f3bfd1f89
4433833	2026-08-24T17:39:08+00:00	blocks/4e93a4763b6cb85d870a45168d3d3a41
4226051	2026-08-24T17:37:57+00:00	blocks/4f04e8d5e4272ba8e5e21e05fbedf90c
4230534	2026-08-24T17:39:42+00:00	blocks/4f05f7c957ac2fa475743ed12355a07f
4266119	2026-08-24T17:38:55+00:00	blocks/4f46ed0e1741f5670dcef5d272ad76d4
4341256	2026-08-24T17:38:50+00:00	blocks/4f5dc235a5eaa68ab881cbfd11b6f8de
2496751	2026-08-24T17:40:28+00:00	blocks/4f60aef9db3b3b11a50d931deed196a8
5076860	2026-08-24T17:38:21+00:00	blocks/4f634d2918608543bbcc266e2844bfb1
4413897	2026-08-24T17:37:45+00:00	blocks/4f697f8b817c5e18e3aa8b5f038fca0a
4316655	2026-08-24T17:38:50+00:00	blocks/4f939c9b425796e0c3ab6c27e7592b80
4278329	2026-08-24T17:38:55+00:00	blocks/4fa5b1e5cf47f8975afc494d91fbd2bb
4316389	2026-08-24T17:39:06+00:00	blocks/50345a6cb8fc74f4249a78ae5fd1cfd3
4303345	2026-08-24T17:38:01+00:00	blocks/5038c2b60135aee73176d5d38ccefbee
4244060	2026-08-24T17:37:44+00:00	blocks/50950c3ba2478858f78e8545c5f092a7
4417218	2026-08-24T17:37:59+00:00	blocks/510bdc2bb5867b6a62c92dea2b3f354c
4250927	2026-08-24T17:37:50+00:00	blocks/511411b1d87b2cc724a5cf8214df32b8
2827286	2026-08-24T17:40:28+00:00	blocks/511b27bbc40996a6ae1dab4ada720ee5
4226710	2026-08-24T17:40:26+00:00	blocks/51cbc4fcbc2b009e32842d0956851be0
5239035	2026-08-24T17:38:16+00:00	blocks/51cbca26cf698b8034039a9aee083834
4317770	2026-08-24T17:38:17+00:00	blocks/52054bdba3e6004dcdb8e446adb870d9
4343364	2026-08-24T17:38:10+00:00	blocks/522c995f16d8cb96c9a2059e2b48a04c
4276739	2026-08-24T17:38:16+00:00	blocks/524db2a4d8c7b9e827a7a2ba073c194b
4280235	2026-08-24T17:38:46+00:00	blocks/53258b692b32bdbebdc7a90d55210e5f
4369575	2026-08-24T17:38:53+00:00	blocks/536544b1447952704f3d58bed91a2986
4406193	2026-08-24T17:38:33+00:00	blocks/5383039c8ebb2a972d9d43c9656e8e91
4318199	2026-08-24T17:37:46+00:00	blocks/53c1c5e339dd01ee94e389ca2a0e3a51
4398748	2026-08-24T17:38:43+00:00	blocks/5405a94641c41a0b1345f6a503c385e3
4260456	2026-08-24T17:38:06+00:00	blocks/542183659d561aaaada1825c0948370a
4233626	2026-08-24T17:38:45+00:00	blocks/547369c045c825afd52e149b509d72f7
4260774	2026-08-24T17:38:55+00:00	blocks/54dcaac25e5a43346e921d941baecd7d
4263232	2026-08-24T17:37:44+00:00	blocks/54ed0ade08f7b7515d9fad57c8e5af21
4345116	2026-08-24T17:38:56+00:00	blocks/552aaeab56a0bd1f08c0ce3bb2f1e660
4219380	2026-08-24T17:38:27+00:00	blocks/554e99b7d2a44b4d0fc4bffbc17aa76f
4326581	2026-08-24T17:37:44+00:00	blocks/5574455c14b6e6ae8e20e298aca67b65
4313508	2026-08-24T17:38:18+00:00	blocks/55b2b0f30cfe342f713df2b6056dfaf3
4249763	2026-08-24T17:38:51+00:00	blocks/561e452711a8252b112ebce78540d862
4371154	2026-08-24T17:38:49+00:00	blocks/562b712b3f48745b67c3317e9a0c88a6
4372938	2026-08-24T17:38:09+00:00	blocks/56521be831e23f7c66d1229d0be5ffb3
4268986	2026-08-24T17:37:41+00:00	blocks/5654a4d8b59a6fb50b451ee21d809a23
4303039	2026-08-24T17:38:03+00:00	blocks/56b20cf4df66f142d33ca7b2dc0f3aab
4268721	2026-08-24T17:38:49+00:00	blocks/56b6ead10810c22b097b1ff1d5de3e17
4704194	2026-08-24T17:38:15+00:00	blocks/5794c7d117f354a4a21c6afd09f31cf7
4276336	2026-08-24T17:38:45+00:00	blocks/57a80ac78eb0e02571087fa48ee86f6f
4287736	2026-08-24T17:37:58+00:00	blocks/57cc58e87932cb535187f33402002571
4293745	2026-08-24T17:38:02+00:00	blocks/57ed5679fc004ba752f3b269fbc4ab22
4226710	2026-08-24T17:40:29+00:00	blocks/5818efd180d4a4d28083b964354d6deb
4418803	2026-08-24T17:38:52+00:00	blocks/58a89e911633f55e4d6242f70bace928
4261014	2026-08-24T17:37:42+00:00	blocks/58bc2f9ac0f3f194ca7ebf8d0cbe34f0
4329989	2026-08-24T17:38:06+00:00	blocks/58bda19487a708950756f3fba6cd60b1
4307770	2026-08-24T17:37:59+00:00	blocks/593ffab537b48c5bc3e043934e7906a7
4290732	2026-08-24T17:37:58+00:00	blocks/59a8d5cdf303f146b36a646eab4f1bd6
4283276	2026-08-24T17:38:10+00:00	blocks/59f923e06825435f84d7570f57cedc51
4394548	2026-08-24T17:38:37+00:00	blocks/5a7ca0a3f8e392a5ccbe4cf8ecae2e58
4387702	2026-08-24T17:37:58+00:00	blocks/5a88dfd19d336898b261044d6c427376
4266848	2026-08-24T17:37:59+00:00	blocks/5ad05235d062411bc342131e8cbae9ab
4279387	2026-08-24T17:38:40+00:00	blocks/5b526d80ebfba01fc56117eb7de7a448
4445797	2026-08-24T17:38:26+00:00	blocks/5b984d24afe06d63419693008fdefd10
4423460	2026-08-24T17:38:47+00:00	blocks/5bd349cf9d1f0cd8293804e83594cf28
4395612	2026-08-24T17:38:05+00:00	blocks/5c10d1d736e99ef1c2bbd0721ea5ccde
4411802	2026-08-24T17:39:07+00:00	blocks/5c6d802691c1b223992c1c3a43e044a7
4336089	2026-08-24T17:37:42+00:00	blocks/5c872730cc689b06bc89d51ae2cbd5d0
4250852	2026-08-24T17:38:36+00:00	blocks/5cfdd399fa883dfb51c8e20573a5ca81
4278955	2026-08-24T17:38:26+00:00	blocks/5d667a61e6a96ef7da19d97c5747192d
4449133	2026-08-24T17:38:06+00:00	blocks/5d6d32bdf5ae19e1619d998d71a900a9
4437355	2026-08-24T17:37:59+00:00	blocks/5d75b05c2862c138c51796ec5855ccdc
4226643	2026-08-24T17:40:27+00:00	blocks/5d760231862a6ead3abb960989a0cc24
4316837	2026-08-24T17:38:21+00:00	blocks/5d82a4996be6dc0788a4e8adc8159173
4360810	2026-08-24T17:37:40+00:00	blocks/5dbf72f8c894427c0792df0267fd1fc7
4255266	2026-08-24T17:37:58+00:00	blocks/5e7f11d3cc7ef988b32506825acc879b
4346170	2026-08-24T17:38:27+00:00	blocks/5e83d17121adfb1e596a1263e1503855
4995105	2026-08-24T17:38:58+00:00	blocks/5ec586160d3eb3f9d6d67ad09bedb5aa
4359606	2026-08-24T17:38:46+00:00	blocks/5ec94987d0606f99e44f307e67a8ce98
5238813	2026-08-24T17:38:53+00:00	blocks/5edc52a58629451f663191f486fb16ba
4353292	2026-08-24T17:38:15+00:00	blocks/5ef703411ac9c9c590b192acd9a4997d
4403132	2026-08-24T17:37:50+00:00	blocks/5efbfcfeea83726050bdcb7c2d8efbd4
4440006	2026-08-24T17:38:02+00:00	blocks/5f2127650ae56bce3e4f37332a3f9cb7
4259435	2026-08-24T17:38:46+00:00	blocks/5f3fc1a9692976bbd6a0e5c2f90062b6
4294897	2026-08-24T17:39:10+00:00	blocks/5f6e4c96c48504c49c7ce19022d36f37
4242688	2026-08-24T17:38:47+00:00	blocks/5f6f31952153a8d550906c687a26878f
4368820	2026-08-24T17:38:45+00:00	blocks/5fd739a7df5fc33f6be6d8c449a0b5a2
4348951	2026-08-24T17:37:54+00:00	blocks/5fddbfccf95914d677b3aafd9aadb67c
4228240	2026-08-24T17:39:22+00:00	blocks/601e112ec04d9233d11c896dd2c498e1
5294883	2026-08-24T17:38:21+00:00	blocks/605f2476d3313c4ee35c32cfcd07d70f
4259940	2026-08-24T17:37:46+00:00	blocks/61bdb0fcf90e76c39d34b74943de6d32
4302446	2026-08-24T17:38:51+00:00	blocks/62652df39ee5343acb3be550294013db
4280904	2026-08-24T17:38:46+00:00	blocks/626a2a521605138453eedc57a8ae68be
4285978	2026-08-24T17:38:33+00:00	blocks/62ca7a0805ce3a0df693e0775fd2598b
4350407	2026-08-24T17:38:29+00:00	blocks/631a11678355cdfe7584459427e3de98
4391549	2026-08-24T17:37:47+00:00	blocks/633d91671a984f3f6e45cd9dc59c4461
4343259	2026-08-24T17:38:56+00:00	blocks/64015c6bf741c1cae6974945c964c90d
4392351	2026-08-24T17:39:06+00:00	blocks/648b7d6769a642c0097c99dec66ab6e9
4494688	2026-08-24T17:38:56+00:00	blocks/64984393867b47fe70ed243c49939b04
4401347	2026-08-24T17:38:40+00:00	blocks/64f971df29e114eebf36fac2ee0f7e26
4261296	2026-08-24T17:38:02+00:00	blocks/65cdb95dc7425a3c7b93b9327a243779
4366940	2026-08-24T17:37:42+00:00	blocks/666a97ebfa5128f7763b010cdcf7cab4
5258880	2026-08-24T17:39:08+00:00	blocks/667f2cb91b141346d8098812364cb28c
4243369	2026-08-24T17:38:46+00:00	blocks/668493f79efb6a58d892715a8a019fc8
4548580	2026-08-24T17:39:06+00:00	blocks/67265bbc4105f1227fdea3bfa35260f6
4247870	2026-08-24T17:37:39+00:00	blocks/67547c34d39d294547a7ec4713fbf55d
4340190	2026-08-24T17:38:43+00:00	blocks/6809511ceea1dc51a661aec43acfcb34
4479625	2026-08-24T17:38:48+00:00	blocks/682bbb971abfb7415cbd349dd16584bc
4456150	2026-08-24T17:37:44+00:00	blocks/684089466575bc162ef27d14b31c341b
4466414	2026-08-24T17:38:27+00:00	blocks/68428d884a5b783cc185a201b46f5cb3
4305108	2026-08-24T17:37:51+00:00	blocks/686aa6fb0164cda87f1fbdcb2d30d67a
4289826	2026-08-24T17:38:26+00:00	blocks/68e04540f4138a8b27f1d01a1bcb4cb9
4249363	2026-08-24T17:38:12+00:00	blocks/6921a07c58645ffbeb7bc49ed73abe20
4340945	2026-08-24T17:38:02+00:00	blocks/697c0f80c67f3f1b61ec918d4c309b61
4293753	2026-08-24T17:37:54+00:00	blocks/69bb55782282ade9b587598ade4c0afd
4357279	2026-08-24T17:38:20+00:00	blocks/6a04226496a4664cded91592fbe8a67c
4332653	2026-08-24T17:38:06+00:00	blocks/6a72e5e26077835ece09b8a920007638
4242186	2026-08-24T17:38:51+00:00	blocks/6ac1577fc70cc7d50f2d69e23b905e2d
4327289	2026-08-24T17:38:45+00:00	blocks/6ad8f20d661ca370a8f48c737dadb922
4274884	2026-08-24T17:38:26+00:00	blocks/6aeb82127f5f316824d643dbaab5ff02
4302528	2026-08-24T17:38:46+00:00	blocks/6b6c2ec8cb43e2e0c479e504bc2d184f
4233981	2026-08-24T17:37:42+00:00	blocks/6ba0c21074c70f09a6da1c8a6b691192
4358040	2026-08-24T17:38:31+00:00	blocks/6d09c0c10e8a60204bdfb3b3ffe2dd5c
4299671	2026-08-24T17:37:44+00:00	blocks/6d0e529a713e5b690e2b4c94ee507fd2
4339538	2026-08-24T17:38:51+00:00	blocks/6d23f900f5041616bb9a89c71b2f0f83
4230739	2026-08-24T17:40:28+00:00	blocks/6d7f6ca516e7906c0449a6cfee5c6c4c
4299320	2026-08-24T17:37:47+00:00	blocks/6d9824561087ac52cfb4ce4f8cc5563b
4274914	2026-08-24T17:39:12+00:00	blocks/6e22e25cd96cdd4444e4ee1b75e312d7
4275467	2026-08-24T17:37:58+00:00	blocks/6e48d57404fac7df1e02bf9173d95a3d
4362947	2026-08-24T17:37:46+00:00	blocks/6ed7d318a2a00ad3b8ea04e776d80d65
4395821	2026-08-24T17:38:44+00:00	blocks/6ef8a91c3b99111b852886354575f127
4462684	2026-08-24T17:38:09+00:00	blocks/6f214d8746dd899f479cd44bbdb851bd
4318618	2026-08-24T17:38:10+00:00	blocks/6f85a414d842d8455de25a95557b84b2
4261160	2026-08-24T17:38:46+00:00	blocks/6fca08293077824023c0ffe016f8599b
4288953	2026-08-24T17:38:49+00:00	blocks/6ff7f362da2023f46c5dc87fa935c51d
4411328	2026-08-24T17:38:11+00:00	blocks/703a1c9f8a49c7ba9636c8c76119f10f
4373285	2026-08-24T17:38:06+00:00	blocks/705faf2da5d12b84469cfe7e9e8c433e
4396034	2026-08-24T17:37:59+00:00	blocks/70773d30c1af05320ac6323b4ab9440e
4384294	2026-08-24T17:38:15+00:00	blocks/70d13874c13378fee9e5aed0f5e1c487
4410858	2026-08-24T17:37:46+00:00	blocks/70ff34416d7040545d96e9bfb7401460
4386492	2026-08-24T17:38:17+00:00	blocks/71e8c66b4b3a038a658edd9f592283dc
4260644	2026-08-24T17:38:51+00:00	blocks/728f4cc84ce26948798982edc422776a
3959620	2026-08-24T17:39:23+00:00	blocks/72c6a7b62aef63c9652e3d8f1fc6f970
4252725	2026-08-24T17:38:46+00:00	blocks/73314e4c3133a738835191eeaee7eff9
4278470	2026-08-24T17:38:12+00:00	blocks/73842b864d5071c5538c50b7b1449adc
4447043	2026-08-24T17:38:31+00:00	blocks/73844e060ea40f0e108e2306811920c1
4257191	2026-08-24T17:37:48+00:00	blocks/73a2e355d2c3ce84bf3435bc984fa956
4391990	2026-08-24T17:38:58+00:00	blocks/73d2e39f42e15522fcd9b72fc1a3531a
4374126	2026-08-24T17:37:44+00:00	blocks/7418d6359d63c7ca3e9d493c4ba9aee3
5113855	2026-08-24T17:38:21+00:00	blocks/74d7c82cbc1b5f5ff49597ba2eef2ab5
4213461	2026-08-24T17:38:43+00:00	blocks/75415d54445edcb2735b4fbbecb4b472
4286110	2026-08-24T17:38:02+00:00	blocks/7542b25cacb727d2cbbed9affec5cb7a
4289655	2026-08-24T17:37:45+00:00	blocks/758a5db91411e85abea844f603e02afb
4412178	2026-08-24T17:38:27+00:00	blocks/759c2cece1c5f6c0445960741698b3e5
5233241	2026-08-24T17:39:08+00:00	blocks/75eabe50ae1905a839862257ac478e10
4227798	2026-08-24T17:39:22+00:00	blocks/76170b18fc59e0017a6ab08df8216201
4235140	2026-08-24T17:39:40+00:00	blocks/76249e4a6c7a9e1df64a05ac0fedc2d6
4342131	2026-08-24T17:37:59+00:00	blocks/764011d9fc7af7aa8d2eab14799db3a0
4316624	2026-08-24T17:38:53+00:00	blocks/767d357c5a5e23d394a512349639c058
4303756	2026-08-24T17:38:21+00:00	blocks/76933c88793281e18b79c7268904a0ca
4225390	2026-08-24T17:38:06+00:00	blocks/7702c61b451287b8464642ed1320676c
4456578	2026-08-24T17:38:31+00:00	blocks/772acf02d9073ab0128549ec484ff0aa
4394298	2026-08-24T17:37:54+00:00	blocks/775a2317c652b7434fddeef12a822b66
4269242	2026-08-24T17:38:43+00:00	blocks/778e8a3f351ccf7b481fced2e756d788
4296178	2026-08-24T17:39:05+00:00	blocks/77f0410b72377a53c14de6953d39137b
4377474	2026-08-24T17:38:01+00:00	blocks/780b76fd2a3a6c5d5cf6e711d988a353
4333915	2026-08-24T17:38:58+00:00	blocks/783b0759477a0c5de241727cd276611f
4355288	2026-08-24T17:38:43+00:00	blocks/784e4e47dd6e51aef6ddc2fbe3d97ff0
4266037	2026-08-24T17:38:01+00:00	blocks/786781a308cbeff7ccd128ea4e75c5c5
4279155	2026-08-24T17:38:04+00:00	blocks/7889b6b98e3a1f30bf47b070f5c13891
4492792	2026-08-24T17:38:32+00:00	blocks/796a294d903f724b2aae9223cfd68ead
5232484	2026-08-24T17:39:08+00:00	blocks/7987c1d0efc0a3d6510dcbba7ea4d833
4362594	2026-08-24T17:38:02+00:00	blocks/79b9e8b1aa2565c547ddd82bb045a069
4367662	2026-08-24T17:38:37+00:00	blocks/79d9a888f0b6dc8427776267ddabc832
4324690	2026-08-24T17:38:16+00:00	blocks/7a557223d8370995408c84a015d8fd62
4226778	2026-08-24T17:39:53+00:00	blocks/7adf227801d70d9fb1ac8379edaf9a0f
4325596	2026-08-24T17:38:04+00:00	blocks/7b9ffd6344eeb9794d972ad53e4e53d4
4213100	2026-08-24T17:38:22+00:00	blocks/7bb8897fd6c4e5b7357576744a2c30ff
4235125	2026-08-24T17:38:36+00:00	blocks/7bd1934d578c9007aa2033597d0f232f
4342663	2026-08-24T17:37:54+00:00	blocks/7c011f49a4f0c55ced961b0e5d870a8a
4307852	2026-08-24T17:38:06+00:00	blocks/7c88d77b29e3e1577e27cfbca8f0f155
4284201	2026-08-24T17:38:26+00:00	blocks/7caceb2c805775951481b22b4347f06c
4194482	2026-08-24T17:39:02+00:00	blocks/7cb114da6c1b19710a32c5b123e4877a
4309152	2026-08-24T17:39:06+00:00	blocks/7ce235b4d53ffe8ef4c3ddbbfea8e93f
4365877	2026-08-24T17:38:37+00:00	blocks/7cff084502968c7eaf74ab71aacf9651
4337532	2026-08-24T17:37:40+00:00	blocks/7d0982965978a765a4b64ecc3232ec39
4312958	2026-08-24T17:38:07+00:00	blocks/7d40b734ce8d8fa28f93c973eb8eeeac
4322097	2026-08-24T17:37:58+00:00	blocks/7d890b04aece1f7b8284c75985a987d7
4361172	2026-08-24T17:38:44+00:00	blocks/7daf66e9fb779093516875b85d4751ec
4367841	2026-08-24T17:38:15+00:00	blocks/7db89526bc1f2ea8cbcf39793be6671c
4263722	2026-08-24T17:38:52+00:00	blocks/7df9b769a36000224b58d97f796a9a0b
4418688	2026-08-24T17:37:40+00:00	blocks/7e81373e54c117f81b04b301aa1f1002
5227122	2026-08-24T17:39:05+00:00	blocks/7e9e5eb80e012965e065c399d6dde511
4309164	2026-08-24T17:38:10+00:00	blocks/7ebb24c86af18ea727d3df28e30e2076
4227738	2026-08-24T17:37:59+00:00	blocks/7ef6caea0fa0a1aaf2e327015103f3c5
4269945	2026-08-24T17:38:15+00:00	blocks/7fbf52c01f16d9cdf2267d9ab6ce289d
4261160	2026-08-24T17:39:12+00:00	blocks/7fcf28567afd1ed82b120760879389de
4845513	2026-08-24T17:38:22+00:00	blocks/802b36af2be7542118294148fb64b85c
4353277	2026-08-24T17:37:58+00:00	blocks/807fff5f86a9bec1a1f6e4d7eada080f
3064675	2026-08-24T17:39:08+00:00	blocks/8084a0e63dd72d02c38c4630784d8f84
4226744	2026-08-24T17:40:24+00:00	blocks/8095616fb7791680a9c72bf727043ed9
4407112	2026-08-24T17:38:37+00:00	blocks/80b6a08fda721f350048c3e105e568d3
4226370	2026-08-24T17:39:57+00:00	blocks/812d4a302aa37c2402cd8f7fe93cd043
5016351	2026-08-24T17:38:16+00:00	blocks/8145e76f01b0d8e593e09ac777d78dd5
4294203	2026-08-24T17:37:43+00:00	blocks/81676fa8a7988ab7e9727f116eae14cd
4285859	2026-08-24T17:38:06+00:00	blocks/8180cb25579b7f6c3e1e008163a782d4
4562465	2026-08-24T17:38:16+00:00	blocks/81bad57c630850e314b2e66742e23b07
4359581	2026-08-24T17:38:06+00:00	blocks/81cccf4f71e6f6b81aec1ebb98add7de
4348703	2026-08-24T17:38:50+00:00	blocks/81eb2305c0f62480ac255828c7c54a63
4228036	2026-08-24T17:39:22+00:00	blocks/81eed6d6e86f2340d2bcfa21c78c846c
4299620	2026-08-24T17:37:45+00:00	blocks/826d23ae206f58165c9b30546e8bf419
4277171	2026-08-24T17:38:42+00:00	blocks/830d8b0a1cde893a9ac7292240401343
4400412	2026-08-24T17:38:36+00:00	blocks/831923574e541048cc3706c50e6b5e16
4297699	2026-08-24T17:38:32+00:00	blocks/835d163ee4fbf890750fd821d8343e7a
4227010	2026-08-24T17:37:40+00:00	blocks/837ff8c6d3e33b5437b9d1f813c0d59a
4322039	2026-08-24T17:38:51+00:00	blocks/83c777db59810c20e8b2dbcf77e1f5b5
4387247	2026-08-24T17:37:44+00:00	blocks/84031e3f8ee5a4919393ef60de7e49a5
4270171	2026-08-24T17:38:40+00:00	blocks/842dc9782fe79f4aead37e830e5f36e4
4286770	2026-08-24T17:39:07+00:00	blocks/8447122fc3fc62ac7f745c7912f3b870
4321048	2026-08-24T17:37:40+00:00	blocks/84a8509c8ee3b8e4d0820b8192babf1c
4259249	2026-08-24T17:38:37+00:00	blocks/84dd57473c41afd40754c3c8a576efec
4330602	2026-08-24T17:37:59+00:00	blocks/852cb4dd24409f8f2ed3bcd4eccedf0e
4255326	2026-08-24T17:38:43+00:00	blocks/8580e8c97cfeef621647640915d7dcd3
4327241	2026-08-24T17:38:01+00:00	blocks/85fdf2db88cd1f215cc704338a329830
4305331	2026-08-24T17:39:13+00:00	blocks/864b9dcbd1dda8fdae8091e3d28b9ae0
4986396	2026-08-24T17:39:05+00:00	blocks/864e82644f0d98ee3901c43e61dc4e5e
4288566	2026-08-24T17:38:15+00:00	blocks/86dd1af1637b213a74a68155fc9067b4
5282991	2026-08-24T17:39:08+00:00	blocks/8729cc6415537d012d3f4818a8d8c717
4194482	2026-08-24T17:39:02+00:00	blocks/87424fadee2c73facfac14b715361ac9
4379066	2026-08-24T17:38:58+00:00	blocks/87d4c8a32d97c87ea2555e86c97c85f3
4252124	2026-08-24T17:38:42+00:00	blocks/87dabe8597d7b524de7ea3bd60593935
4254283	2026-08-24T17:38:52+00:00	blocks/87eab6ff58ce39dbb1b1a4ca6e0442ec
4323022	2026-08-24T17:38:50+00:00	blocks/886fef55a3cf0685e3afd7da61c58e5e
4370882	2026-08-24T17:38:40+00:00	blocks/8885388de332da727cc56b2065821b62
4266061	2026-08-24T17:38:47+00:00	blocks/8913669dcd6fe131546786473e338b67
4231952	2026-08-24T17:37:57+00:00	blocks/895b609ac8eafc748b749a533df8e81f
4281670	2026-08-24T17:38:37+00:00	blocks/89eaefea607f4532cf946ea5b4920990
4239691	2026-08-24T17:39:10+00:00	blocks/8b4d3ebf4733896d3fa491b4873ba91d
4325097	2026-08-24T17:38:49+00:00	blocks/8b78ff3dc2adbc20678b1e52c1642ba9
4227730	2026-08-24T17:39:22+00:00	blocks/8ba83ebbd48dc94bef429916db6756b7
4317154	2026-08-24T17:38:50+00:00	blocks/8bd2132c131c7cd272d75b7972b2672f
4246438	2026-08-24T17:38:55+00:00	blocks/8c0f3d3eb4704d1847c74235f5488c33
4316630	2026-08-24T17:38:03+00:00	blocks/8c8890c261b3b82eb09c9b5598c6d8ca
4287711	2026-08-24T17:38:45+00:00	blocks/8cf2712d6aef3a20996c257b9f60347d
4246243	2026-08-24T17:37:40+00:00	blocks/8d2fc1c9bca74280d9074fd59ed93a2e
4252270	2026-08-24T17:38:52+00:00	blocks/8d5d76ec588bb86519444e2b94b11318
4228070	2026-08-24T17:39:22+00:00	blocks/8d77e3ad66efb0998206561ef1e248e4
4323461	2026-08-24T17:38:17+00:00	blocks/8db248c7316e02fb9652924320e61f80
4362794	2026-08-24T17:38:32+00:00	blocks/8dc1c72be3ab99bbc91e18f66e47af58
4330540	2026-08-24T17:38:29+00:00	blocks/8df49b1cb83e599c480393c92cc1d441
4231212	2026-08-24T17:38:01+00:00	blocks/8e0504138013a31b4681c58ec1f43007
4348517	2026-08-24T17:38:10+00:00	blocks/8e59db40e5122f66b8e4a15e10b259d5
4334780	2026-08-24T17:38:53+00:00	blocks/8e92a9a2ae4594981b8ddf3192dd3a2b
4132149	2026-08-24T17:38:22+00:00	blocks/8ec646df0c5664523968fb59893f518c
4295660	2026-08-24T17:39:13+00:00	blocks/8ffff61f1ae8526f06f961a7cd562e8a
4371862	2026-08-24T17:38:48+00:00	blocks/905804dfa0648d0165a99ad446d35864
4239062	2026-08-24T17:38:51+00:00	blocks/906ec65f5fdc42e5769099dee13e3821
4226371	2026-08-24T17:40:28+00:00	blocks/90c79944ce59fcbc8a53cc79dddb4e48
4351947	2026-08-24T17:38:58+00:00	blocks/90ea4a75214846fce49ad20449106198
4332099	2026-08-24T17:38:58+00:00	blocks/91336791665b4c2dea5be2fcb41e86ea
4335844	2026-08-24T17:38:11+00:00	blocks/91427937888c195c6a79abfdc224ac29
4312412	2026-08-24T17:37:57+00:00	blocks/917711d8ea011d6a64f86d5c7a8a773a
4281133	2026-08-24T17:38:46+00:00	blocks/91918f6c9ddb2d69250e35b2eb3705db
4367397	2026-08-24T17:37:42+00:00	blocks/92210bd1e39da8429285e49868255fde
4304329	2026-08-24T17:38:45+00:00	blocks/92288bf8faebb9109196d18e113ca63a
4282621	2026-08-24T17:39:07+00:00	blocks/93081d3a211c35b1f2066de4a2581487
4360391	2026-08-24T17:38:44+00:00	blocks/930f100afc17c766a870d7b4b8e99bd8
5158487	2026-08-24T17:39:07+00:00	blocks/9311e9c17ca5ef1e585d27aa4a92911d
4341838	2026-08-24T17:38:17+00:00	blocks/93ad13e9fbfc313de6a795ea835c3ae9
4317756	2026-08-24T17:37:58+00:00	blocks/93b90892391d7cf16ce9c4bd768b9b5b
4296060	2026-08-24T17:37:41+00:00	blocks/93f65f942c353f3f9f8493dea3b63bb0
4302207	2026-08-24T17:38:00+00:00	blocks/94084c3db0f1b96f0de8bc38f65a2e3c
4360760	2026-08-24T17:38:26+00:00	blocks/9479ca2ab2119710162b31a78eee54f3
4337305	2026-08-24T17:37:58+00:00	blocks/949b85db00f6eb666a2839c49b33231a
4362768	2026-08-24T17:38:46+00:00	blocks/94a904c799f93f2515c2800feda5b7d7
4331075	2026-08-24T17:38:22+00:00	blocks/9554b71828c10e8f9f84b7f5284d711e
4263297	2026-08-24T17:38:56+00:00	blocks/9567e262d608a62ef977ae6967d84916
4486240	2026-08-24T17:38:27+00:00	blocks/956e09fe6a50c57ec5cf26cad9deeedb
4429883	2026-08-24T17:38:46+00:00	blocks/958136e865938b903a80606edc7681ef
4322823	2026-08-24T17:38:57+00:00	blocks/95a5737ba946102a28a470b77349a844
4287370	2026-08-24T17:37:39+00:00	blocks/95c493977e374a5ad983c440a88d77ab
4346440	2026-08-24T17:38:36+00:00	blocks/961285c5f66f31ebfd1e1613c614205c
4403847	2026-08-24T17:38:49+00:00	blocks/9635ea1a81b0569060c50e2c1e7e242d
5132667	2026-08-24T17:38:18+00:00	blocks/96732c55ac3af472d4fb12ffb3b47c14
4342139	2026-08-24T17:38:40+00:00	blocks/96be02b7109dcd73c9e24380edc47acf
4288229	2026-08-24T17:38:35+00:00	blocks/97106b29dce031d6444e9cdf45917db2
4238115	2026-08-24T17:38:45+00:00	blocks/9714284320212f4950fbb2f0cd4b4d45
4194482	2026-08-24T17:38:54+00:00	blocks/97210ab794657238d8134ebc41501694
4321298	2026-08-24T17:38:56+00:00	blocks/9745636e406ba50b0057d30c4f83cc4c
4345442	2026-08-24T17:38:51+00:00	blocks/9817beeb9efca1ca2b45c92659d0d3c0
4419845	2026-08-24T17:38:13+00:00	blocks/986f22eaa24be79cf489c82af81c3e09
4226201	2026-08-24T17:40:28+00:00	blocks/987ed82ebaf2a660b206b36a059d4910
4278905	2026-08-24T17:38:44+00:00	blocks/990f8fda16d434e9d8e3fecc023b9233
4261285	2026-08-24T17:38:47+00:00	blocks/99141a19669f28a3e2cdfb37b89f16a3
4390552	2026-08-24T17:38:50+00:00	blocks/9914f734f46c4dc413be1767375d0bb2
4304744	2026-08-24T17:37:58+00:00	blocks/995ad9c22411039863d00db4d435f67f
4284323	2026-08-24T17:37:50+00:00	blocks/99af7ac6da7b6b4675eab945f79684c5
4376040	2026-08-24T17:38:01+00:00	blocks/99b982c6339569e171166a45cf4e4b67
4304908	2026-08-24T17:38:18+00:00	blocks/99d2a8593007b491601677d8b1638a26
4320925	2026-08-24T17:38:46+00:00	blocks/99f0b26498ab5e4768f7ba2a24cdf921
4239444	2026-08-24T17:38:37+00:00	blocks/9a70696ed5c93973f88d3761772d7c96
4371499	2026-08-24T17:38:43+00:00	blocks/9a9705d8e74da6afad82e0f226a3aaeb
4334979	2026-08-24T17:38:31+00:00	blocks/9aaa915c7e154172bb5a6e1ff0e76d66
4226608	2026-08-24T17:40:24+00:00	blocks/9ae91822b7084bbdf5353659648859c6
4302264	2026-08-24T17:38:35+00:00	blocks/9b616c3ff26027809948eb373755715d
4284791	2026-08-24T17:38:46+00:00	blocks/9c08a398c5ac8601cf185231edaaed4c
4268812	2026-08-24T17:38:15+00:00	blocks/9c7877be70dde0944b485107ebb431ff
4357894	2026-08-24T17:38:04+00:00	blocks/9c87edead66f9bb198eae06968ba80f6
4368937	2026-08-24T17:38:10+00:00	blocks/9c947435c197f3848e96729223ff021b
4264078	2026-08-24T17:37:50+00:00	blocks/9cb10434b2e3f260251a9abb5e54510f
4226405	2026-08-24T17:40:29+00:00	blocks/9d72bad3dc350494ec8e7ba696a23eae
4238485	2026-08-24T17:39:10+00:00	blocks/9dc8d169334bffd2248302b13a6e51e3
5196731	2026-08-24T17:39:05+00:00	blocks/9e0b9f741fe4c3432734020e72bd8991
4403802	2026-08-24T17:38:52+00:00	blocks/9e2ee8afed303c42c629b345a9495ad8
4358115	2026-08-24T17:38:27+00:00	blocks/9e3012de021630272c1f1140176e35b2
4380792	2026-08-24T17:38:45+00:00	blocks/9e547421f9a5cd6600e633f5776e2c28
4349742	2026-08-24T17:38:56+00:00	blocks/9eb1a1646ef4c2b8b4e43ff86fcd787e
4263217	2026-08-24T17:38:47+00:00	blocks/9f0c03fdd52331eec542aa1d0de0cbbb
4342451	2026-08-24T17:37:44+00:00	blocks/9fde36f4f6f3a1006b043117d57d2d5b
4194482	2026-08-24T17:39:08+00:00	blocks/9ff1d3010486377c44e107644f7bfc92
4379219	2026-08-24T17:38:18+00:00	blocks/a01221ed96a0bd378da41aa52e4021ef
4258706	2026-08-24T17:38:57+00:00	blocks/a027f610b4ff100c57b4328be4829371
4365622	2026-08-24T17:38:30+00:00	blocks/a065e02933341a73fa025fa4db7f506b
4385772	2026-08-24T17:37:53+00:00	blocks/a0922a86f6dccb3ba4e59a650e9715de
4505309	2026-08-24T17:38:46+00:00	blocks/a0c1b812b16d12eb46da6408369d7b08
4244163	2026-08-24T17:38:53+00:00	blocks/a126194d8b526b4a5777955b636ae58e
4365897	2026-08-24T17:38:44+00:00	blocks/a1d19f20d0cb5425addd998f200be3d8
4345314	2026-08-24T17:37:39+00:00	blocks/a227a871f217c40c8b902b854e0dd48f
5099480	2026-08-24T17:39:06+00:00	blocks/a43fcfffb2592872493472b010b3f841
4307095	2026-08-24T17:37:40+00:00	blocks/a44b3fde59bb9cf23e65b6790dcf638c
4204334	2026-08-24T17:39:08+00:00	blocks/a46d2da7a181feb9a5b6d73d20781e45
4270697	2026-08-24T17:38:45+00:00	blocks/a4a753f42c1410046e2dd67f9a064310
4334938	2026-08-24T17:38:11+00:00	blocks/a4e85a3f576b280e594dc5e4cbd85ca6
4823715	2026-08-24T17:39:06+00:00	blocks/a501a5680501badc243920c66d592cbf
4426013	2026-08-24T17:37:45+00:00	blocks/a52017cc2074fab8ead04c3ab37ba480
4357925	2026-08-24T17:37:39+00:00	blocks/a582daa07c09f9d666f503031e5d40b8
4294005	2026-08-24T17:38:40+00:00	blocks/a5ba25126052db7c22b93043cd47fb1d
4290544	2026-08-24T17:37:40+00:00	blocks/a5eba0a635e1f7d8198077449f90963b
4380800	2026-08-24T17:37:44+00:00	blocks/a63ac2f7e4d16c7b753f2f2c1ad3ad8a
4337817	2026-08-24T17:37:40+00:00	blocks/a64b7de05d0d999ac733af9de17c6070
4239739	2026-08-24T17:38:20+00:00	blocks/a655347028de8560b4fe6c8e05793dc7
4268206	2026-08-24T17:38:17+00:00	blocks/a6a17241ff817105d375cd9b5e25fe29
4304171	2026-08-24T17:37:42+00:00	blocks/a6af1831f486d9dad78858b8702519a1
4299281	2026-08-24T17:38:50+00:00	blocks/a6de4c067e091704ec9a245ada6faade
4247736	2026-08-24T17:38:46+00:00	blocks/a6f7f0b3ffa672f01633396928d54e1c
4259114	2026-08-24T17:37:40+00:00	blocks/a70e05f1edf22d454c7d9bdb3121c006
4303476	2026-08-24T17:38:47+00:00	blocks/a70e9cb3dd97a0e08e93b7440f9b23fa
4233834	2026-08-24T17:39:05+00:00	blocks/a7a2627d15faecc97de61f6c8ec0902d
4377693	2026-08-24T17:37:40+00:00	blocks/a7a370cd813b6340b455da8b098135e1
4371316	2026-08-24T17:37:58+00:00	blocks/a7b8169c0df9029bf199dc24d86ba651
4340375	2026-08-24T17:39:07+00:00	blocks/a7ec1a7f59004bc88aa79737165aea6e
4335614	2026-08-24T17:38:15+00:00	blocks/a7f5f0a7edafc321009882afce90ec92
4294866	2026-08-24T17:38:09+00:00	blocks/a7f6d38cf333179623a03d7448ffa3c1
4311901	2026-08-24T17:37:54+00:00	blocks/a7f854f55ca31d9abfb227f24aa683bb
4265857	2026-08-24T17:38:43+00:00	blocks/a85c9a9cf318dbecb3d158fac963dd38
4409434	2026-08-24T17:38:42+00:00	blocks/a8905303a0de81716a0067ff1bc48434
4356002	2026-08-24T17:37:45+00:00	blocks/a8d9116ce001aa279b8a6858a2faeeef
4280658	2026-08-24T17:38:33+00:00	blocks/a8e2e8a48b81d4f8e77438af84d340f5
5231564	2026-08-24T17:39:02+00:00	blocks/a8ebaf139cfab13d6ea8080c519faf31
5243093	2026-08-24T17:39:08+00:00	blocks/a8f27bc7c8181ff5578493139d7a8877
4410599	2026-08-24T17:38:46+00:00	blocks/a8fcdd98c4c7ce09a14104d95db6df68
4356075	2026-08-24T17:39:12+00:00	blocks/a9d8e7d0c09e42bf1ae9340ac7f60bd1
4360066	2026-08-24T17:37:47+00:00	blocks/aa0a0b8e6206cc08f74849f5c72d2947
4256287	2026-08-24T17:38:06+00:00	blocks/aa450d4b0d9301c8b15b82302abbc0bf
4336909	2026-08-24T17:37:39+00:00	blocks/aa66ec6aa881197bf32b5efb829cad1f
4358007	2026-08-24T17:37:54+00:00	blocks/aaa7f6676088cff642a302326a2ff149
4284500	2026-08-24T17:37:59+00:00	blocks/aafb82a12f95578bb2a7dba1c10f7cc8
4340705	2026-08-24T17:38:55+00:00	blocks/ab30cf406847f5bb06c5b4a4f6b5ed4a
4327730	2026-08-24T17:38:01+00:00	blocks/abc91eabc03db13d81bbcf4128ebe1dd
3487610	2026-08-24T17:40:27+00:00	blocks/ac2dc973774491d3dd5f8a3260a1cefa
4408306	2026-08-24T17:38:10+00:00	blocks/ac5c9d6ca0e9f5ac0b83f9db1253666a
4621365	2026-08-24T17:38:29+00:00	blocks/ac7cabd938e71906edce379d3d21680e
4373578	2026-08-24T17:38:33+00:00	blocks/accc7a63c4afdec7152282195ca44d6b
4430327	2026-08-24T17:39:13+00:00	blocks/acde557cba86264faf954a4641c9e446
4194482	2026-08-24T17:39:09+00:00	blocks/acf593b539e17c9aa2cc8a4ff4456126
4324806	2026-08-24T17:37:41+00:00	blocks/ad2ecf2f0f80fd5b6dc6453c95351239
4248185	2026-08-24T17:38:27+00:00	blocks/ad754ceeb1ee0155dd2491376e3feea3
4329821	2026-08-24T17:38:22+00:00	blocks/ad9f22d0291bef370eafa4c41fbd0efb
4256815	2026-08-24T17:39:05+00:00	blocks/adcb58f894c46b599d42ae33f508aae8
4226508	2026-08-24T17:40:27+00:00	blocks/aefe419ecbe54d9be7d37d7f2c797c99
4321584	2026-08-24T17:38:31+00:00	blocks/af0e085b9ff10ac5c2896d3c75995598
4226643	2026-08-24T17:40:23+00:00	blocks/af2861c09c4e1f85d11a6d51fd77fb8b
4308784	2026-08-24T17:38:15+00:00	blocks/af93735ceb9f842a1b3fdfe3dea1fbba
4481270	2026-08-24T17:38:40+00:00	blocks/afa568b698e19e9fb484c19e8704e75f
4228172	2026-08-24T17:39:22+00:00	blocks/afb281f2f7bb380a08e2f4882aa4c208
4317591	2026-08-24T17:38:45+00:00	blocks/b0059a6ba6aed978bb45017c729b47ef
4426897	2026-08-24T17:38:02+00:00	blocks/b0193c464a4623164e9712b1a68046fe
4262453	2026-08-24T17:38:12+00:00	blocks/b01b97ac9a1400260645e4ccd5db262d
3967914	2026-08-24T17:39:23+00:00	blocks/b035d402b7b696f75498543979a3a315
4194482	2026-08-24T17:39:02+00:00	blocks/b03c82536610c3f74a13ede6c442b8f2
4263722	2026-08-24T17:38:49+00:00	blocks/b053f7e9d5cf5c3e8a215ecf184d7dda
4474288	2026-08-24T17:38:48+00:00	blocks/b067a41d7059582b0c0c02cbfc47323f
4347888	2026-08-24T17:38:22+00:00	blocks/b08cb7ac9e1576b9a4e16a117b2d39eb
4341681	2026-08-24T17:38:51+00:00	blocks/b0a0c7989f0665da61cf37225d9dd8d7
4336416	2026-08-24T17:38:43+00:00	blocks/b0af06f8bec63b0f4a6740325e5455e9
4316763	2026-08-24T17:38:17+00:00	blocks/b0ffda6a78bfe92bd7e87da04509f403
4403930	2026-08-24T17:38:44+00:00	blocks/b15c8da17c42142ea862449797f6ec3c
4354337	2026-08-24T17:38:10+00:00	blocks/b16b324a08bd9b6fd11398125f70eb94
4749554	2026-08-24T17:38:58+00:00	blocks/b1824efe278380c84d72290f052dd519
4304213	2026-08-24T17:38:10+00:00	blocks/b1927b75ff9cf8cfa123b03a83cea331
4252777	2026-08-24T17:38:53+00:00	blocks/b1bddf4846f305145acf73203187bb5b
4359520	2026-08-24T17:37:43+00:00	blocks/b23c3f23196f69e49fd34426555fda82
4332750	2026-08-24T17:37:58+00:00	blocks/b3724b1585b3cad7893db02ebb942120
4314390	2026-08-24T17:37:51+00:00	blocks/b37eea28f51e34eeddbac62d776ed170
4196957	2026-08-24T17:39:08+00:00	blocks/b39a840ce2661eb69e14efa2f946b761
4243940	2026-08-24T17:38:44+00:00	blocks/b3d659c9fb130f508900de97343f82d3
5234701	2026-08-24T17:39:07+00:00	blocks/b40237c4db99620c80d6e8a99933dc32
4233606	2026-08-24T17:38:43+00:00	blocks/b4340039d810ae35d5fde14b3494f3ac
4374066	2026-08-24T17:37:40+00:00	blocks/b4627d4732d8c7aa2a4317bd554d44c2
4232193	2026-08-24T17:38:09+00:00	blocks/b47043878e86b35e65d262c23e126b8b
4254202	2026-08-24T17:37:39+00:00	blocks/b47422e92ecb0900619843d680233955
4324574	2026-08-24T17:38:47+00:00	blocks/b487af23d659d8610b8fd12b88dbd630
4339003	2026-08-24T17:38:47+00:00	blocks/b4dbbc9c7b5c055b85e38bf9806259ec
4323856	2026-08-24T17:37:50+00:00	blocks/b52c1973b67de5c627632780df7d898b
4300352	2026-08-24T17:38:50+00:00	blocks/b5c7727c030159bacc4c790e6dad40c9
4268759	2026-08-24T17:38:33+00:00	blocks/b5d81302e3d55119bb899b8647bdb205
4393991	2026-08-24T17:38:52+00:00	blocks/b66d8ce4736dd27dbcf7f3ebfc832324
4377481	2026-08-24T17:38:45+00:00	blocks/b6f4e7017bef5c254ed5d78188373fc7
4295922	2026-08-24T17:38:20+00:00	blocks/b73bab55a899d923b3db86dba77b768e
4363069	2026-08-24T17:37:59+00:00	blocks/b765cba5cd38130183f625bd032f544a
5024143	2026-08-24T17:38:54+00:00	blocks/b7e35559cc65f8bca20ce3318232cd00
4437908	2026-08-24T17:38:13+00:00	blocks/b843ec4c647f0c42fbdbcb6fefd137cd
4324826	2026-08-24T17:38:01+00:00	blocks/b8e64cdfc738f843f070831ebe57c017
4388325	2026-08-24T17:38:42+00:00	blocks/b90d112fef9cc457b4b21aa9a467ce58
4337860	2026-08-24T17:37:51+00:00	blocks/b9299b070fc308252b87d2e5b7beb646
4278327	2026-08-24T17:38:31+00:00	blocks/b93a62a77bc45b7063d0372696413ced
3368010	2026-08-24T17:40:29+00:00	blocks/b93bb82cbc1c2440197b537e1ad395ba
4388883	2026-08-24T17:38:22+00:00	blocks/b9a52360c8573b270c3471fb55691d2b
4221765	2026-08-24T17:39:08+00:00	blocks/bab5590d3f056af16fffc08857f4ea3b
4357298	2026-08-24T17:38:53+00:00	blocks/bab8d521de7492c01f0f522fec550617
4237496	2026-08-24T17:38:55+00:00	blocks/bb0f8d247dcedb265659b2b762341560
4385991	2026-08-24T17:38:22+00:00	blocks/bb1eb6f9d3b2341770e4fa1b18d335a3
4303389	2026-08-24T17:38:54+00:00	blocks/bb46b9b4857e5dc1aae9891c541f34d0
4250100	2026-08-24T17:38:50+00:00	blocks/bb4a6869ba20c6bdb9b58d7809a6fc0c
4194482	2026-08-24T17:39:02+00:00	blocks/bb6ccbbca5353c273598ace8100ed726
4240073	2026-08-24T17:38:01+00:00	blocks/bb9fe7e0bfddd6f10a68bc72a68a35e1
4373714	2026-08-24T17:38:38+00:00	blocks/bba3bbb230ba18aa017b3553c0373279
4336661	2026-08-24T17:38:15+00:00	blocks/bbf04b6c437188cc23256c7c3b9559cb
4341752	2026-08-24T17:37:42+00:00	blocks/bc7501749f397ecb4654b4d836e5cfd9
4194482	2026-08-24T17:39:06+00:00	blocks/bc9c33dab481d8736b03d0dca338c5de
4355878	2026-08-24T17:38:22+00:00	blocks/bd3535fcc81844ed061f45b8d1e210ae
3145871	2026-08-24T17:39:03+00:00	blocks/bd45a20e6be7e5aad2c3d1385c6343b4
4289278	2026-08-24T17:38:48+00:00	blocks/bd7ae4ac0a21c736a140475b20e88ea6
2504603	2026-08-24T17:40:28+00:00	blocks/bd7be91f786e1ee908de2c95acf6162d
4346796	2026-08-24T17:38:20+00:00	blocks/bdab49168f77b64a33c37b2ae1d25078
4330041	2026-08-24T17:37:54+00:00	blocks/be1c077a9c2a0e069086478fad8e96bf
4292203	2026-08-24T17:38:18+00:00	blocks/be46d246fb443e38235fd29a43937663
4391990	2026-08-24T17:38:50+00:00	blocks/be4f363dceea10e97a6ea241bcb361d8
4371716	2026-08-24T17:38:01+00:00	blocks/be6bee34964d09cd93ade8eff45099f3
4317600	2026-08-24T17:38:46+00:00	blocks/beaa64b4eede2fe904b6277a2a6c425f
4194482	2026-08-24T17:39:02+00:00	blocks/beba23517e77d8a62dde98245642862c
4312990	2026-08-24T17:39:06+00:00	blocks/bf621814b95955788943239a82d35463
4270640	2026-08-24T17:38:49+00:00	blocks/bf9458f06800f13032ef744dcf02882d
4235123	2026-08-24T17:38:48+00:00	blocks/bf9cadff3c0747646ae3c1b917cf759c
4294140	2026-08-24T17:37:44+00:00	blocks/c0590bdd917ff5ec94c58032a29c3957
4319392	2026-08-24T17:38:17+00:00	blocks/c05922e94d214744e6d2ec85a034387b
4388013	2026-08-24T17:37:53+00:00	blocks/c09de3c9211d37e3df7c7d23f7b0a222
4332139	2026-08-24T17:38:12+00:00	blocks/c0b16ec583dcca5fb770bc897b946309
4249665	2026-08-24T17:38:29+00:00	blocks/c0e790da2b229cc0b0a6a164a94031ec
4417767	2026-08-24T17:38:10+00:00	blocks/c11ecbea31f0fe3fdc3be76a1ab68ba7
4332357	2026-08-24T17:38:45+00:00	blocks/c163914e73c6591d91da84eeb5598993
4378139	2026-08-24T17:37:43+00:00	blocks/c16db62a11b434cc99e94a6d203dee72
4398016	2026-08-24T17:38:43+00:00	blocks/c1901fb860ba11fcd3b16c009aa105d1
4246395	2026-08-24T17:38:29+00:00	blocks/c19605a7b23693894d1b968cceea58ac
4331009	2026-08-24T17:37:59+00:00	blocks/c19984136327c5a36aa7b411af5c5fcb
4905045	2026-08-24T17:39:07+00:00	blocks/c1c3de1e5df4e52c2139ad6a0e132a7d
4200526	2026-08-24T17:38:22+00:00	blocks/c1f6b27443f85caadb411b8fc60ca1bc
4294311	2026-08-24T17:38:12+00:00	blocks/c2203962af5d1633086faafa61343f9c
4331908	2026-08-24T17:38:43+00:00	blocks/c2524302ec5cb481e48311d1fef9e609
4253671	2026-08-24T17:39:05+00:00	blocks/c26c09817f9a1d3a8a02f8bbbf556a3b
4403450	2026-08-24T17:38:10+00:00	blocks/c2718cebba7e6030b0f02f9eb9493b84
4362363	2026-08-24T17:38:06+00:00	blocks/c28519b0be6a04f48ce625edc095c2c4
4227561	2026-08-24T17:39:22+00:00	blocks/c29233f28dd6675ef7bcc9cd4c158521
4313215	2026-08-24T17:39:12+00:00	blocks/c2e48d18f788ed8eaf31364b8ac4b3c7
4328671	2026-08-24T17:38:46+00:00	blocks/c2fbcf739abca73e916e77938594c5e9
4194482	2026-08-24T17:39:05+00:00	blocks/c344adebdec1e0d181e4d21b70e42ba5
4468905	2026-08-24T17:38:18+00:00	blocks/c373e5cba80e82ff99679d0f759053cc
4415174	2026-08-24T17:37:57+00:00	blocks/c3942b251dde990e120b2f41abac0a06
4260708	2026-08-24T17:38:21+00:00	blocks/c3e5b6c0d2a2fd11e615519df90457a4
5040114	2026-08-24T17:38:58+00:00	blocks/c42170a01a78552389cbf9f5d68ee192
4302137	2026-08-24T17:38:36+00:00	blocks/c44ccdd7e0d41999b559cdb3d002d732
4234903	2026-08-24T17:40:27+00:00	blocks/c4da66c15fe27ade8d6f2d23ab01f0ac
4249624	2026-08-24T17:37:41+00:00	blocks/c4e8aae5d4c64baf83671fe828a59033
4226744	2026-08-24T17:39:43+00:00	blocks/c4ee4baa0ddd26ab103b26a0a2ac5e18
4273661	2026-08-24T17:37:58+00:00	blocks/c525b55c3763824f796bcb92a2044fd6
4233834	2026-08-24T17:38:54+00:00	blocks/c621799eb80f64480121c58f02361fc0
5231564	2026-08-24T17:39:06+00:00	blocks/c64a0f6b70a68b08fa56b9f71a71fa98
4504715	2026-08-24T17:38:55+00:00	blocks/c64a352e5d3843b8f1dceca86169fcc4
4325097	2026-08-24T17:38:47+00:00	blocks/c660c1f3d9d172bf2431cab1187c887c
5203741	2026-08-24T17:38:54+00:00	blocks/c675fdf750855ac43f31e0ba8237771d
4194482	2026-08-24T17:39:08+00:00	blocks/c6c00e40fc85726109840024bb75aae0
4396319	2026-08-24T17:38:05+00:00	blocks/c6c1ec0bfa0fae149f10f9a342109d25
4304141	2026-08-24T17:38:40+00:00	blocks/c7baf74f95b255b37d5b38bd0bc9163c
4323640	2026-08-24T17:37:44+00:00	blocks/c82aae02edd3f44cff867854d20a04ba
4291905	2026-08-24T17:38:48+00:00	blocks/c8795f2fd2720c03de7e43be84a485c1
5255059	2026-08-24T17:39:06+00:00	blocks/c8a4b6bce2a89f9440bdb9eb04da447c
5180760	2026-08-24T17:38:13+00:00	blocks/c929d7e25e0516e1def51abd4f628ca1
4290712	2026-08-24T17:37:40+00:00	blocks/c93c0740693cebbd5af5dc022b757dda
4285058	2026-08-24T17:38:58+00:00	blocks/c9978e2f9569132ec94d30430a3af236
4309076	2026-08-24T17:37:41+00:00	blocks/c998fab9a7b46faa9f66fcc0aaf1b029
4329537	2026-08-24T17:38:17+00:00	blocks/c9df2c24b136ed5545dc8aba671a3159
4237094	2026-08-24T17:38:35+00:00	blocks/ca0f54faf8b787317d0efbbac99d0db4
4409229	2026-08-24T17:38:01+00:00	blocks/ca1eb1df60350fe4cbeea9789e8e98ee
4283909	2026-08-24T17:38:26+00:00	blocks/ca567959281ee1bebb9f4d2553ff52cc
4411829	2026-08-24T17:38:03+00:00	blocks/cb0f15d2cb8bc4d3b7f5243a5045fc84
4259839	2026-08-24T17:38:36+00:00	blocks/cb24d62107505e0082278cce0ecfc0dc
4236120	2026-08-24T17:38:46+00:00	blocks/cb277f74200884eafbff021303cea14a
4262320	2026-08-24T17:37:59+00:00	blocks/cb377ef3450ed783eb9c4bb9b80f3564
4350672	2026-08-24T17:37:57+00:00	blocks/cb3c9a79693202860f50d4106838f72a
4269481	2026-08-24T17:38:11+00:00	blocks/cba50f3902f9d30c41b74f5efd4603b0
4294577	2026-08-24T17:38:45+00:00	blocks/cc1d9b93dddc83a8aa59aea3f1241c97
4296551	2026-08-24T17:38:32+00:00	blocks/cc585055cbcbfb027304c8184bed06fb
4233834	2026-08-24T17:38:54+00:00	blocks/cc6447f2d07dcd428987391b188be3d9
4250361	2026-08-24T17:38:46+00:00	blocks/ccbee35ade3537d8d884047ae00e3dce
4269853	2026-08-24T17:38:09+00:00	blocks/ccd51d02dfbefa578d04bb19b8c710b5
4281450	2026-08-24T17:37:45+00:00	blocks/cd3096d4879fd0b41abbcad8646034f2
4264134	2026-08-24T17:37:47+00:00	blocks/cd5f9005cd655f1c49a77038f1f94029
4428522	2026-08-24T17:38:44+00:00	blocks/ce3be4dbb6cb9a466fb71971b12dad34
4320680	2026-08-24T17:38:33+00:00	blocks/cf323f252a1591dff53d233cdad92dfe
4287519	2026-08-24T17:38:45+00:00	blocks/cf4edf0902f1a96328da8e55c5aea44c
4294737	2026-08-24T17:37:59+00:00	blocks/cf659821d0c38de2661e8e918dfa3314
4194482	2026-08-24T17:39:05+00:00	blocks/cf73dbc70b90c2821cc46283c0b8ed10
4226642	2026-08-24T17:40:19+00:00	blocks/cf7f37e4a5a9420af10bc107f4667305
4297715	2026-08-24T17:38:40+00:00	blocks/cf829673aaa7d5404df861c789f2181d
4302383	2026-08-24T17:38:57+00:00	blocks/cf82ab8d8a06c455a3cf303212fce8f7
4279861	2026-08-24T17:38:44+00:00	blocks/cf9878543be37ddd361fdfc186eb81e4
4253072	2026-08-24T17:38:11+00:00	blocks/cfd24200d23bb3c34dde1c021966f411
4398302	2026-08-24T17:38:22+00:00	blocks/cfd7b8eb33ecf3eb6e196c0312b40400
4256815	2026-08-24T17:39:05+00:00	blocks/cfde51db43146ca80b8b21fec4a450c7
5205816	2026-08-24T17:38:57+00:00	blocks/d07d6a27d80eaa961f4603787f4b552a
4454964	2026-08-24T17:38:58+00:00	blocks/d0ab6b0fcb43e2e1e3ade58ba567a372
4292195	2026-08-24T17:38:06+00:00	blocks/d14900bf84fa77e05fd2621a2d261489
4208999	2026-08-24T17:38:45+00:00	blocks/d16f5b0c8674361d7c94a92e56cc9526
5095144	2026-08-24T17:38:14+00:00	blocks/d19dee0a24daac7f337c2dcb671372fc
4342185	2026-08-24T17:38:14+00:00	blocks/d1b42406151bf1b7f5f9921f13a15fb0
5314831	2026-08-24T17:38:57+00:00	blocks/d200f8ff5b49c88de6f3ec3fd08abbeb
4347134	2026-08-24T17:37:46+00:00	blocks/d22e4f67176f05063b2e97e1e4af0308
3913952	2026-08-24T17:39:23+00:00	blocks/d23e8e01e2df129737a1707d44faee28
4333516	2026-08-24T17:39:12+00:00	blocks/d25266b811b6c7cb1618933193ba7c9e
4339681	2026-08-24T17:38:44+00:00	blocks/d26f4e5d2a6dff53dafd50ab6ce0fd61
4324272	2026-08-24T17:38:36+00:00	blocks/d28ce0835cdb21f2020da4043cf27ade
4275571	2026-08-24T17:39:09+00:00	blocks/d2ae1ba80aa3d933f5682bfd81e929e6
4248787	2026-08-24T17:38:32+00:00	blocks/d306345b344dd2a2504eb363cb097c05
4227764	2026-08-24T17:39:22+00:00	blocks/d3336a84783c2225356a433b9883d0b4
4278957	2026-08-24T17:38:55+00:00	blocks/d33d756ed2d93e5f3bacc9ce8ccb2693
4301273	2026-08-24T17:38:30+00:00	blocks/d35d0b440d76093fd18dd8f3b19e1dbc
4194482	2026-08-24T17:39:02+00:00	blocks/d3a640087f3ce2f73e9b8190e2c689c5
4228002	2026-08-24T17:39:22+00:00	blocks/d3efb644b58d8783ce9083d1fa45d3cb
4321675	2026-08-24T17:38:27+00:00	blocks/d437ef1d666d0844f9a0939d108ec14a
4209841	2026-08-24T17:38:01+00:00	blocks/d45a79354858f1ce424fa160e997f52e
4246974	2026-08-24T17:37:47+00:00	blocks/d45db26c3eb1ee8f4b281c5252cf740c
4346546	2026-08-24T17:37:46+00:00	blocks/d481ba04b6730b68644bb7e86656cf49
4388858	2026-08-24T17:37:54+00:00	blocks/d4a2a4979cc20f7f3e319ff9832cd5ef
4365151	2026-08-24T17:37:40+00:00	blocks/d4f87b35b96bf9355cb388c404dabfd4
4299809	2026-08-24T17:38:50+00:00	blocks/d5001e370d5e1238b2064d66bcb4483a
4328698	2026-08-24T17:38:57+00:00	blocks/d55fe7b35fe71bddd33ea33b72abb79a
4450020	2026-08-24T17:38:13+00:00	blocks/d560cd59678cd91f2ca9dbf1d046c889
4194728	2026-08-24T17:38:14+00:00	blocks/d565b666ebf8e75717d2caeea410e2d6
4367435	2026-08-24T17:38:53+00:00	blocks/d5754e451ac70e51c5e099163d9ad071
4383674	2026-08-24T17:38:47+00:00	blocks/d585298ab5523efbb42c247b64a00280
5197572	2026-08-24T17:39:08+00:00	blocks/d5a68aa7a01dee5204e7d5e06135b089
4357556	2026-08-24T17:38:17+00:00	blocks/d5e0d5c0ff45977d4f58dce71372519b
4305490	2026-08-24T17:37:39+00:00	blocks/d5f72d5551e0ca80c9c83b7b2a118d39
5243093	2026-08-24T17:39:07+00:00	blocks/d6b90d97d8af39ed5a68fe793267ba7f
4366680	2026-08-24T17:38:43+00:00	blocks/d6c7767d2b2a750d98a64b8c1c9e507e
4291824	2026-08-24T17:38:05+00:00	blocks/d6c7fbf1d2deb9011bbd3df0a5905e98
5183904	2026-08-24T17:39:05+00:00	blocks/d7a8fa6dd3d7ee98498acfdee926e169
4309572	2026-08-24T17:38:56+00:00	blocks/d7f7d4f913b226c1c6dc77e3cfc9407e
5191237	2026-08-24T17:39:08+00:00	blocks/d84ef0176db9b9ed2f58884fec580216
4405194	2026-08-24T17:38:52+00:00	blocks/d891497038cbb309c6ca5ac39878041e
4260864	2026-08-24T17:37:44+00:00	blocks/d8a22baaeee2c9de9afd3fbd9d3ab0c9
4412804	2026-08-24T17:38:18+00:00	blocks/d8c79d567093b9ff1ad3ed6caddce490
5191908	2026-08-24T17:39:07+00:00	blocks/d914c28f8027d66aaecae2b938845cd5
4367417	2026-08-24T17:38:44+00:00	blocks/d92355c79cbea6fcd4f85de27af6605f
5146466	2026-08-24T17:38:58+00:00	blocks/d939c9c4cd87afe41bc9fe6fce716807
4341553	2026-08-24T17:38:14+00:00	blocks/d953ae4a326ed966b22cf03b0f903140
4406947	2026-08-24T17:39:05+00:00	blocks/d9e82ed2602706ad8688904404dcfdf3
4261743	2026-08-24T17:38:46+00:00	blocks/d9e9787aaa14054c98db38659ed61ae7
4294486	2026-08-24T17:38:43+00:00	blocks/da05b0a439b13cedf3e3b0c4aa8b8ad7
4310509	2026-08-24T17:38:45+00:00	blocks/da489435b1767c6b2f055a1734bcb302
4194482	2026-08-24T17:39:02+00:00	blocks/da9c8f6fb1087b27d7505aefcbd28977
4330417	2026-08-24T17:38:06+00:00	blocks/daad3ad0ebc28f657fe6e4b6bdefea4e
4227934	2026-08-24T17:39:22+00:00	blocks/daad85e3f6925b50f625126be60a499f
3515915	2026-08-24T17:39:13+00:00	blocks/db82f1ba223fee59cfc4fdaa7c433df7
4283991	2026-08-24T17:38:10+00:00	blocks/dc10e0bbe836345ef8af779ef3d7496e
4304201	2026-08-24T17:37:41+00:00	blocks/dc3807e9740c7f309482ac9336332322
4349446	2026-08-24T17:38:18+00:00	blocks/dc5757500e73a13b052a0ef0ed51de4c
4232219	2026-08-24T17:38:13+00:00	blocks/dc87a0c8b83249f6e2260773a8da01f4
4387788	2026-08-24T17:38:47+00:00	blocks/dc961e7457db7408e10561c4bd5f3290
4263947	2026-08-24T17:38:33+00:00	blocks/dc97008f25bc2fc9fd9d2dad79e6bd08
4335248	2026-08-24T17:37:59+00:00	blocks/dc9a73d612b2a28802672f56c69d640a
4383594	2026-08-24T17:38:12+00:00	blocks/dced79c69816be191e1b5409ba24db39
4464787	2026-08-24T17:38:50+00:00	blocks/dd008fb98f0382a9b832590265a7cea9
4245465	2026-08-24T17:38:46+00:00	blocks/dd49a2604586f076023051b5423e2c8b
4355578	2026-08-24T17:37:39+00:00	blocks/dd4cd9dd06cd295c860293e2c6b6daba
4380501	2026-08-24T17:39:09+00:00	blocks/dd5b39d881a90375746fe2b66f77877a
4295265	2026-08-24T17:38:02+00:00	blocks/defb9a0da080e678cb63610b627d2ca5
4377445	2026-08-24T17:38:46+00:00	blocks/df5a7918d95af005be6921b7453efe25
4345571	2026-08-24T17:38:37+00:00	blocks/df5cf68b895d49a99617b7727ffb0e07
4250479	2026-08-24T17:37:51+00:00	blocks/dfa7923047994ac220ca7ce5a193a667
4340268	2026-08-24T17:37:41+00:00	blocks/dfa7ee165c874f1eb35a2a08e00613d3
4280308	2026-08-24T17:38:54+00:00	blocks/dfc74e47287b8a6e8fc7b71c0c849f0e
4258066	2026-08-24T17:37:59+00:00	blocks/dfce429cc802c1d682e6b72a5921bff1
4226846	2026-08-24T17:40:25+00:00	blocks/dfed81f1e41fc6dffe5d0f47929e2632
4257841	2026-08-24T17:38:56+00:00	blocks/e004fc4b3c6308b74b09bb88dbb9cf8a
4207048	2026-08-24T17:38:11+00:00	blocks/e00aeb6f5462bd8a0cacf76d82bb3d22
4291031	2026-08-24T17:39:05+00:00	blocks/e0789771ccd7b493b8fd6270758f55bf
4509050	2026-08-24T17:38:04+00:00	blocks/e08741185baee801f747c3a0e1920102
4334666	2026-08-24T17:38:54+00:00	blocks/e133ba5427f092796c953b3a4fb93773
4331959	2026-08-24T17:37:45+00:00	blocks/e14de940b5c566b1f9ee5a097255f46b
4425727	2026-08-24T17:38:01+00:00	blocks/e158c3a6cdce9c372d9a6a25b3d31608
4218172	2026-08-24T17:37:57+00:00	blocks/e1a7e39d32d65778244d2e678a788358
4301819	2026-08-24T17:38:54+00:00	blocks/e21fd57ec00407758fca57ce827bf8c6
4306122	2026-08-24T17:37:54+00:00	blocks/e223745c5fe7b9f1de5346908ebff729
4340890	2026-08-24T17:38:47+00:00	blocks/e2c5b9ab7d90435664609191bc7ab1c4
4349616	2026-08-24T17:38:04+00:00	blocks/e2dd534c3dce1d948518c44808fc7112
4253335	2026-08-24T17:38:44+00:00	blocks/e2e2d60156d46119518853c9c080aeaa
4269153	2026-08-24T17:38:48+00:00	blocks/e311aa7794930db22f39effb3573f6bb
4316974	2026-08-24T17:38:54+00:00	blocks/e38a9244ee4401fa0a0c3b8bf0c14eb5
4225937	2026-08-24T17:38:40+00:00	blocks/e3f62ba857eb59f5cab35cce3e77819d
5207407	2026-08-24T17:39:06+00:00	blocks/e43458930e5164fb057b1dc5711205cd
5040114	2026-08-24T17:39:06+00:00	blocks/e462cbfaa0635e41417770ce8cf40c19
4493980	2026-08-24T17:38:15+00:00	blocks/e547f906567b55556d50f2ea8db3380a
4290406	2026-08-24T17:38:12+00:00	blocks/e55ce8e9de561212aa1fecbaee27eb36
4284236	2026-08-24T17:38:53+00:00	blocks/e55ef6bb063a0ddfcd0187cd63f6cc6f
4303101	2026-08-24T17:38:57+00:00	blocks/e566c0850521bde451bcd415749e7d4c
4194482	2026-08-24T17:39:02+00:00	blocks/e576ab660beead5473ba3139fec22315
4294269	2026-08-24T17:38:03+00:00	blocks/e5a7b83037dc19cec41fc9b2ae42bbbd
4364956	2026-08-24T17:38:20+00:00	blocks/e5e4432d7790528d8af4559318756ded
4147596	2026-08-24T17:40:29+00:00	blocks/e62ed08071cfbcd7fb0820790d511e04
5259064	2026-08-24T17:38:14+00:00	blocks/e66c5551eb9fe229f0523f64a23ec8d7
4255261	2026-08-24T17:38:18+00:00	blocks/e6f6107d0ee9e01beb2407406db3397d
4287736	2026-08-24T17:37:54+00:00	blocks/e6ff353dbee497426fcf134f3ad5e875
4347928	2026-08-24T17:39:05+00:00	blocks/e78252385e168d78cd670d445fa7cf5a
5038035	2026-08-24T17:38:16+00:00	blocks/e7d4165f6d959d904fb331db4b54822a
4283111	2026-08-24T17:38:29+00:00	blocks/e8249441e9be97f01edcf9e900bcfb44
4330600	2026-08-24T17:38:12+00:00	blocks/e82d45900dccf8145954c15608e6fce4
4301188	2026-08-24T17:38:50+00:00	blocks/e938efc28dd0f2ba79220ad0b4e7e860
4299488	2026-08-24T17:38:20+00:00	blocks/e94f9810ebc9b39a4218635016cc5aef
4386868	2026-08-24T17:38:51+00:00	blocks/e9ab706a6e9702534f5805c083bd8ae7
4299203	2026-08-24T17:38:52+00:00	blocks/e9c9688f4f7a63462ed27ac1c97a63aa
4326985	2026-08-24T17:38:36+00:00	blocks/e9e36c7b5885f8593304a4f7939ccefa
4230494	2026-08-24T17:37:40+00:00	blocks/ea0a7522cbca121e14769e74925f8c4d
4336261	2026-08-24T17:38:20+00:00	blocks/ea17d676a54e18ed83e7092db2389af1
4373712	2026-08-24T17:37:59+00:00	blocks/ea1d88051df4c18c7566162b48d5b026
4254980	2026-08-24T17:37:40+00:00	blocks/ea5985c12872028e7a2774aa542b56a6
5043072	2026-08-24T17:38:13+00:00	blocks/ea8c759056b6f7f79d25a7938abf92bd
5243093	2026-08-24T17:39:05+00:00	blocks/eac8daecdb5de87d355adca9b59c438e
4287667	2026-08-24T17:38:31+00:00	blocks/eb180d8b3d6bf64093cc349b8edbf0b5
4325850	2026-08-24T17:38:26+00:00	blocks/eb66e1be8d8f411d0d644858920a62cb
4467873	2026-08-24T17:38:40+00:00	blocks/ebcb81878bda00425357d4365712af2d
5207407	2026-08-24T17:39:02+00:00	blocks/ebd2474b41878590de498ce6c7c1385e
4303508	2026-08-24T17:38:12+00:00	blocks/ec26e396bcfa4488baa9bb685e9edd66
5062000	2026-08-24T17:38:13+00:00	blocks/ec48c6e34debc71598e7ad28777f3a0d
4341854	2026-08-24T17:37:46+00:00	blocks/ed30d64abfc55f021277531bc7979f3f
4314937	2026-08-24T17:37:51+00:00	blocks/ed349b6f0999c26dafa49371c9d89910
4430095	2026-08-24T17:38:32+00:00	blocks/ed76ce0126929dbe3743eb01cc4e48f6
4310773	2026-08-24T17:38:33+00:00	blocks/edec661b9de864043dd47466ae214fdf
4349884	2026-08-24T17:38:11+00:00	blocks/ededb500aed67d79918b44d4185b20dd
4277846	2026-08-24T17:38:10+00:00	blocks/edf35fc3723f07f2aeb3436f4106e27e
4259708	2026-08-24T17:37:50+00:00	blocks/ee23e84cf0a7ad063e02ff537e3c168f
4383829	2026-08-24T17:37:44+00:00	blocks/ee5a3d09a7e4aa195c963f1fb7c7a6e2
4296394	2026-08-24T17:38:49+00:00	blocks/ee97e383a57f26da24afbfb53c2921f2
4354630	2026-08-24T17:39:05+00:00	blocks/eeda1a81492104d94fc7ed67ca0e6792
4379621	2026-08-24T17:38:42+00:00	blocks/ef7e89612ff908ee9a461e39b177ffe4
4249084	2026-08-24T17:38:15+00:00	blocks/efb0450931f6699c0cdbee598934b650
4228344	2026-08-24T17:39:08+00:00	blocks/eff037208769976618b85948446b13ba
4241559	2026-08-24T17:38:50+00:00	blocks/f06d92f837b5ddce7d08f7b0b4420f78
4366745	2026-08-24T17:38:35+00:00	blocks/f06efeb94a80c66380e7f1cbf8a455a3
4270564	2026-08-24T17:37:42+00:00	blocks/f0737239933fad4fa98c009b10c4b5e0
4283743	2026-08-24T17:38:48+00:00	blocks/f09e2f35b9192b551d5a9625eca690bb
4326945	2026-08-24T17:38:46+00:00	blocks/f0f72ed82ede68e65186dbe3a7c682d1
4480194	2026-08-24T17:38:54+00:00	blocks/f1036026da694d51c91dabad78c470a0
4406193	2026-08-24T17:38:18+00:00	blocks/f10a31dadf47f232de72977a5dcc4206
4339003	2026-08-24T17:37:42+00:00	blocks/f1341a333b70134bd9135d0bf9dadd71
4295157	2026-08-24T17:37:42+00:00	blocks/f187dce1a3ad4a0e73399e9e8000d9f9
4320784	2026-08-24T17:38:33+00:00	blocks/f29e9791930146705ef2e3683529544b
4294416	2026-08-24T17:38:00+00:00	blocks/f2d9810b895558585e3ccf9cbe019780
4247693	2026-08-24T17:39:05+00:00	blocks/f2e74584df9a0a67fb312a28a36197a8
4321935	2026-08-24T17:38:21+00:00	blocks/f30d56d507d2c939bc920f26ccef2595
4294225	2026-08-24T17:38:33+00:00	blocks/f3287dafd8cb7b3a7610439df27b1e55
4375986	2026-08-24T17:38:30+00:00	blocks/f3847ad043632c73fb08a71e41f692bb
4408250	2026-08-24T17:38:35+00:00	blocks/f3870d49cd0849ebe773123c15b10a35
4308327	2026-08-24T17:37:39+00:00	blocks/f394a3bfe272cef8cc759d54a72bb409
5030628	2026-08-24T17:39:05+00:00	blocks/f39986979863b6e0acddb3960b4d2074
4448117	2026-08-24T17:39:05+00:00	blocks/f46f01b5efc38b0622485d853b3ed6a0
4263722	2026-08-24T17:37:44+00:00	blocks/f47f572a71da88e734b58a1ed210e943
4292592	2026-08-24T17:37:53+00:00	blocks/f4af7f0433b04643ee53f55886b64277
4260378	2026-08-24T17:38:56+00:00	blocks/f4dd8fae3ab92a1c8de5c3d824a06385
4273825	2026-08-24T17:38:20+00:00	blocks/f5284c18506cf865c0b235faf8d08c89
4256815	2026-08-24T17:39:06+00:00	blocks/f52f851702d962be2c2ef6db4b223097
4285493	2026-08-24T17:38:53+00:00	blocks/f556df1efe672c7fd210b5daa7d82e2a
4241392	2026-08-24T17:38:15+00:00	blocks/f5c3ab0cc3f92e2c9f880f562bd006db
5180760	2026-08-24T17:39:05+00:00	blocks/f5f90e53f37274388c3b248888aff66f
4356948	2026-08-24T17:38:14+00:00	blocks/f63ba64999e298bcee2739d6cc153de6
4303622	2026-08-24T17:38:46+00:00	blocks/f68018b32fdbe7ce85f0f3290a7d4434
4280249	2026-08-24T17:38:44+00:00	blocks/f6de8365dedb358e794d37a2ade27287
5038024	2026-08-24T17:39:05+00:00	blocks/f703db8f980b8fe095f62402d8041f6f
3046142	2026-08-24T17:40:28+00:00	blocks/f7097fd8f3f6a695eb746fe88c70ec02
4373525	2026-08-24T17:38:18+00:00	blocks/f70c6ba76d8fb007f38885ab7612e2de
4507157	2026-08-24T17:38:33+00:00	blocks/f76452e194c8747a04866febd43fa61b
4382099	2026-08-24T17:38:06+00:00	blocks/f7f2e317aa9a830babcc05a5de716da3
4537212	2026-08-24T17:38:22+00:00	blocks/f8301490f664c1caf47b633635b13c8e
4370617	2026-08-24T17:38:01+00:00	blocks/f833a7f8b593557b58a6223101d13cc7
4261354	2026-08-24T17:38:46+00:00	blocks/f834d3ce7fd23655184407d576d903db
4305484	2026-08-24T17:37:48+00:00	blocks/f87a3db10f8e906dce0aef8ed5fce61d
4304214	2026-08-24T17:38:20+00:00	blocks/f882d7c9aa3229e9751e9cc6d910952e
4452951	2026-08-24T17:37:40+00:00	blocks/f8d0f4dda72e4b396f2c527c85014c0d
4224432	2026-08-24T17:39:09+00:00	blocks/f90f1a1b450b896c6d1be94169abff7e
4254221	2026-08-24T17:37:46+00:00	blocks/f93a2c442a8a3e2d1e03144b6f64165d
4227832	2026-08-24T17:39:22+00:00	blocks/f9427b0c79581969f746d0b79f944d79
5243093	2026-08-24T17:39:05+00:00	blocks/f9778d4c45dbd598558363599ccae20c
4428027	2026-08-24T17:37:42+00:00	blocks/f98f4ab16ddbccc4ed46ee8f7534db5d
4404049	2026-08-24T17:37:45+00:00	blocks/f99f1e7d901b3fee0b2e83ac9e5a65e2
4360825	2026-08-24T17:37:40+00:00	blocks/f9c5809331256dc699db2662f5022420
4312970	2026-08-24T17:38:06+00:00	blocks/f9d6edc4db69ddc57f481fc3e5a6994e
4367252	2026-08-24T17:38:10+00:00	blocks/fa439efcd86c0bb0db73362b60f27d67
4300477	2026-08-24T17:38:02+00:00	blocks/fa88ef277a1f82c8669dda5ec8df1046
4277466	2026-08-24T17:38:15+00:00	blocks/fab4ebbac0935fc06ad8edbdf4f3ec37
4229918	2026-08-24T17:38:44+00:00	blocks/fad0514f6c212867cd87c61ba8647565
4376099	2026-08-24T17:38:51+00:00	blocks/fae8a62e4e8a897af2ea238de7937e7a
5288888	2026-08-24T17:39:06+00:00	blocks/fb5121f2830c2198b2ac1ad52aba3aab
4270653	2026-08-24T17:39:05+00:00	blocks/fb8b046d2ac7fdade5aff0dfa7a5f38f
4328606	2026-08-24T17:38:02+00:00	blocks/fbb1532213704f123ecc20e58eda9c60
4226710	2026-08-24T17:40:25+00:00	blocks/fc28ba547052f9269a1a2132c5b0abdc
4278351	2026-08-24T17:38:40+00:00	blocks/fc6932a0ac6bb06841368d49bc6c911f
4353848	2026-08-24T17:38:03+00:00	blocks/fc711916daa3610509c7da1f87a80599
4286038	2026-08-24T17:38:56+00:00	blocks/fc7b1002b9a494a807f21edb5f319e02
4315606	2026-08-24T17:37:58+00:00	blocks/fc81d812a181e6be56138cd2657527d3
4307868	2026-08-24T17:38:51+00:00	blocks/fc8b665fc9a306442c4c2d5c01a0460a
5079187	2026-08-24T17:39:06+00:00	blocks/fca7ae8874c58d718ed1d602ad830ff1
4226700	2026-08-24T17:38:02+00:00	blocks/fd715930a5ca723fc71308364ba52be6
4227934	2026-08-24T17:39:22+00:00	blocks/fdb442e20df26added0cec0e132f5393
4280838	2026-08-24T17:37:40+00:00	blocks/fdd2babf4ffb4373861ea6fbc0784bab
4435036	2026-08-24T17:38:55+00:00	blocks/fe4ce06c6330f0990893c2c396290e78
4272211	2026-08-24T17:39:10+00:00	blocks/fe776ce6b0a99d13471d342324791301
4251222	2026-08-24T17:37:40+00:00	blocks/fe92e2b1f75dee229774d2da3ea1658f
4303194	2026-08-24T17:38:26+00:00	blocks/fe96ec66eb53f02805cc78cd18fc25f3
4362444	2026-08-24T17:38:55+00:00	blocks/fec47e58c0bf5ea831b021c7d46dd22b
4293118	2026-08-24T17:38:29+00:00	blocks/ff34873f77d330aa7c1dd346756730d3
4306706	2026-08-24T17:38:03+00:00	blocks/ff8f6c477c64bc5ebbda6bc3ee2d98f7
4331525	2026-08-24T17:38:32+00:00	blocks/ff90ef68b15bdbe63aa190b8e8b712cc
4298382	2026-08-24T17:38:21+00:00	blocks/ff95601d0ef2392e7999df19bd3f6284
4333868	2026-08-24T17:38:51+00:00	blocks/ffda783425909c1b3e4540c8f2e31a7c
